user_id,group,is_purchase
8e27bf9a,A,No
eb89e6f0,A,No
7119106a,A,No
e53781ff,A,No
02d48cf1,A,Yes
5a3ca2d6,A,No
6b929341,A,No
90b0a07b,A,No
4b16c922,A,No
5eb5fc03,A,No
389ff492,A,No
1d25885b,A,Yes
4546807b,A,No
c447f7f4,A,No
e75754d9,A,No
0d38042c,A,Yes
a54eeb29,A,No
b54a48e0,A,No
1a2ad0c4,A,Yes
512ab2bb,A,No
43d00167,A,No
0d28dceb,A,Yes
e66d263e,A,No
5a795c56,A,No
1cd795a0,A,Yes
8e65d46a,A,No
d2d00ec5,A,No
02f09387,A,Yes
e395b3fb,A,No
c9499054,A,No
ac9f242f,A,No
2eb999e5,A,Yes
3e8eefbe,A,No
4efa76ec,A,No
d140a9ba,A,No
75e8a26d,A,No
269f8ce7,A,Yes
96716d0d,A,No
c7fd2120,A,No
07c192d6,A,Yes
d9d7055a,A,No
441409e9,A,No
96a2d7c9,A,No
a9cd457d,A,No
403dce79,A,No
1807361e,A,Yes
c8a16221,A,No
772cb4b1,A,No
9575438c,A,No
dec57302,A,No
d889b444,A,No
b1ea2a39,A,No
129119d1,A,Yes
81d9d646,A,No
2a666b40,A,Yes
7915d7e6,A,No
0119f7bf,A,Yes
4d00374b,A,No
a3f03def,A,No
245ee24a,A,Yes
55cb4cb1,A,No
d567ab8d,A,No
7a739812,A,No
82c32644,A,No
54055ab1,A,No
f9f291a7,A,No
478d1aad,A,No
63198d15,A,No
e13cb852,A,No
07535188,A,Yes
09d7d4c2,A,Yes
c8148884,A,No
d48d066f,A,No
1617324d,A,Yes
e45285ce,A,No
26bcddda,A,Yes
46e487cf,A,No
8e5d0579,A,No
7aeacae9,A,No
7f7602fd,A,No
8a6367d2,A,No
780be73b,A,No
56bf1dd5,A,No
ce091210,A,No
c6cbcd02,A,No
38f366ed,A,No
c89105cc,A,No
0efca364,A,Yes
6cf05867,A,No
a569d2ea,A,No
be6d9d61,A,No
b540dc1a,A,No
dcebc64c,A,No
0c6d73bb,A,Yes
8855d152,A,No
afb58957,A,No
f99b22e8,A,No
af1d601e,A,No
46fbf5e8,A,No
69770316,A,No
7fbd5299,A,No
022818cc,A,Yes
6c617380,A,No
02d8e221,A,Yes
fa678234,A,No
fcf16282,A,No
e72a457a,A,No
58c21b96,A,No
7c25cbbf,A,No
040c8008,A,Yes
9036b80c,A,No
143349b6,A,Yes
aaa83478,A,No
3185f220,A,Yes
ab1a99cf,A,No
196c19fc,A,Yes
099a1207,A,Yes
e60999a6,A,No
c71d2f75,A,No
8655db9c,A,No
44a32988,A,No
ba2bbc24,A,No
34f80592,A,No
fade6ae6,A,No
de7c8c6f,A,No
97ee40a2,A,No
050f3f67,A,Yes
556e021d,A,No
6cd5c617,A,No
1739b154,A,Yes
b6749703,A,No
1da5fad7,A,Yes
575615db,A,No
f0a5e0f3,A,No
216e5843,A,Yes
2e08cbf6,A,Yes
3662e313,A,No
91a1013f,A,No
78f34209,A,No
6e8c8fbc,A,No
c789f010,A,No
3a15953c,A,No
1018b1b1,A,Yes
b83d47b6,A,No
df590b5a,A,No
01e7535f,A,Yes
6e6540c8,A,No
fc7dccb9,A,No
2616472b,A,Yes
8ca5c8df,A,No
a016e19d,A,No
37f06285,A,No
efbd0e75,A,No
7d6baab3,A,No
badc5e03,A,No
f4906019,A,No
c4c3dd37,A,No
6978fda8,A,No
1c1e572e,A,Yes
f179300f,A,No
ddf36962,A,No
c3a6644d,A,No
ff43d63e,A,No
5a6f3400,A,No
3f067768,A,No
5d4fe720,A,No
88be6c1d,A,No
5135f3ef,A,No
8e39f310,A,No
aa4db65a,A,No
662f2cf1,A,No
0cd41c82,A,Yes
92fc82ab,A,No
2b84088d,A,Yes
6d93707e,A,No
d3887e14,A,No
003ddd38,A,Yes
ce416049,A,No
115eca6c,A,Yes
87ca4cfb,A,No
56c00aa8,A,No
bf2f32cf,A,No
7d776075,A,No
4bad110c,A,No
3d38efb1,A,No
47b8f98f,A,No
7f0664d6,A,No
75ea5a85,A,No
8d9a2d23,A,No
325a313e,A,No
9d54a627,A,No
9ec6ae7b,A,No
07c1108e,A,Yes
2743e3e9,A,Yes
dbc0e289,A,No
e79ce2ea,A,No
65ed1340,A,No
4e4e1d87,A,No
61a4240f,A,No
b4abc67c,A,No
bf11238b,A,No
cc365d4c,A,No
73a6a49d,A,No
689e6fc0,A,No
8399f3d5,A,No
32b95a9d,A,No
0c996cf7,A,Yes
d0bc762b,A,No
321432e6,A,No
b0893705,A,No
63f123eb,A,No
cb3f847e,A,No
6e74c592,A,No
7ea7a6d7,A,No
f0ad4bf2,A,No
a379bae0,A,No
d3ad7498,A,No
64bd1735,A,No
05c73cd1,A,Yes
2543da93,A,Yes
d25d3a4b,A,No
bc9b72c5,A,No
48b76d47,A,No
915c39aa,A,No
54ec154c,A,No
76bf1b9d,A,No
a187e400,A,No
e42f6d45,A,No
831b0da8,A,No
f8994970,A,No
713c1e30,A,No
83d7ef24,A,No
77717f2e,A,No
855d1916,A,No
66b3f619,A,No
5d10c080,A,No
296fddfe,A,Yes
84ad160c,A,No
fc4b8f08,A,No
222fc594,A,Yes
7f776fba,A,No
7f4444d5,A,No
b7efb83d,A,No
8aab2f2a,A,No
364f9d08,A,No
4f36225e,A,No
e78337c6,A,No
92bace84,A,No
95594a07,A,No
64f13184,A,No
f7d68110,A,No
ee5efd0e,A,No
8fe53716,A,No
df3c25cd,A,No
d9aff148,A,No
dba438e3,A,No
c0fd8363,A,No
37d662a4,A,No
ff8e5760,A,No
91a845d3,A,No
e9311b9d,A,No
f3379f5b,A,No
280c5a8a,A,Yes
f43afe98,A,No
82fe134a,A,No
1cfb1ca9,A,Yes
4b5580b6,A,No
5e6956be,A,No
01b7a771,A,Yes
a7a058ca,A,No
75a2d155,A,No
f63a06ca,A,No
5017460b,A,No
a901d2f0,A,No
63174e07,A,No
a682d1a2,A,No
37114b2c,A,No
9cd7a871,A,No
0d97d87e,A,Yes
63d1b6c8,A,No
70c65fcf,A,No
eecfb916,A,No
f03af477,A,No
798ce460,A,No
f0b86f80,A,No
b5cd6863,A,No
cddb04ad,A,No
1173e094,A,Yes
a0d45452,A,No
39a1a2fc,A,No
34a829c7,A,No
7c9ffd8e,A,No
873936db,A,No
5ae11d68,A,No
db27e0ce,A,No
7e7f793b,A,No
53dccd72,A,No
bfb9f165,A,No
936f3ed4,A,No
28fe232a,A,Yes
11c96217,A,Yes
e850e921,A,No
db1e2b77,A,No
169a9ad8,A,Yes
daf91afe,A,No
564cd3bd,A,No
116e3a3c,A,Yes
390cf70e,A,No
0cc5c1a1,A,Yes
18311ae2,A,Yes
9a9ae5cd,A,No
1dbf6233,A,Yes
1e5f6ace,A,Yes
11594ecc,A,Yes
fb02f52e,A,No
4983d25a,A,No
aaf6aabd,A,No
fc3fd637,A,No
077693e1,A,Yes
a7df87c0,A,No
31902841,A,Yes
32bcfd6d,A,No
d2db3c08,A,No
95414194,A,No
2818a9e8,A,Yes
186efc09,A,Yes
5e1e9660,A,No
31daa4d9,A,Yes
641d819c,A,No
3f06caf9,A,No
d6b326dc,A,No
d5a068f0,A,No
e1ec8323,A,No
59525cf6,A,No
780201c9,A,No
e28bfdc7,A,No
fe4e6b12,A,No
d375acb2,A,No
57db3cfc,A,No
0422c712,A,Yes
2d26bf87,A,Yes
00a8a145,A,Yes
6006a247,A,No
735cd4c0,A,No
6921b35e,A,No
121dd7de,A,Yes
c6e9ed66,A,No
656e29bc,A,No
3cd063c7,A,No
0fbc8e80,A,Yes
2bd3c47f,A,Yes
bcd087b6,A,No
971d5747,A,No
2c6811a1,A,Yes
abd87cf5,A,No
6d11b65d,A,No
a91e9eb3,A,No
f05b03e4,A,No
feaea3b6,A,No
92b3e19c,A,No
e1582a4c,A,No
d9bd7a11,A,No
48730e23,A,No
88015843,A,No
20145561,A,Yes
ab9c6b31,A,No
3b5594ea,A,No
8dad7a48,A,No
29949a47,A,Yes
24c4a1cb,A,Yes
671a2c4e,A,No
2cbfb95d,A,Yes
570d1597,A,No
7ea7189f,A,No
977eb812,A,No
d59421ee,A,No
d18b6304,A,No
98eb7e93,A,No
8e0a96bd,A,No
174679bc,A,Yes
93df313f,A,No
cd93e415,A,No
56886b3f,A,No
c6ff2b2b,A,No
9454b5b1,A,No
93d0cee8,A,No
6ec677b2,A,No
a0b0e325,A,No
ca568be3,A,No
16be978d,A,Yes
2b421313,A,Yes
1b603094,A,Yes
ecf01cba,A,No
7502cb1c,A,No
01b08972,A,Yes
032a78c1,A,Yes
6fcc416a,A,No
82d52719,A,No
5a2eeac8,A,No
7d733e51,A,No
ab641f8b,A,No
0a94aaf9,A,Yes
b05cfb05,A,No
06bf22d2,A,Yes
03055268,A,Yes
4ebbd2be,A,No
b6f66c81,A,No
15add4ab,A,Yes
6ceee845,A,No
c6195fb0,A,No
49ed7483,A,No
6db7ff5a,A,No
7e8d681f,A,No
4eaaad81,A,No
577a090e,A,No
c2fefcb5,A,No
ccaaa807,A,No
4a902cef,A,No
03179978,A,Yes
9c55a0f1,A,No
14e784e8,A,Yes
de37bf4e,A,No
d6393958,A,No
d5b54aaa,A,No
aa98b0f2,A,No
15730593,A,Yes
756a17a6,A,No
387a6a23,A,No
1c5f1ff7,A,Yes
80a58eec,A,No
c2253303,A,No
aeab186b,A,No
1a53f7b5,A,Yes
c717ccf5,A,No
e9802483,A,No
8a8e506a,A,No
9d0b3d84,A,No
b43d1e62,A,No
41372d00,A,No
d8f8c47e,A,No
f53a3480,A,No
9a6658b3,A,No
be2c7b00,A,No
c3f3ad56,A,No
7562078e,A,No
0919957b,A,Yes
8927de71,A,No
9f3a63f8,A,No
321e2f08,A,No
adb640da,A,No
e445d931,A,No
2808970b,A,Yes
a8da34c7,A,No
e9e57c7d,A,No
f9c4285e,A,No
38a086f7,A,No
c16f5574,A,No
8292f2af,A,No
c06452d0,A,No
df8815d4,A,No
310ed283,A,Yes
ef3cf697,A,No
8a2efd4a,A,No
01412418,A,Yes
76a51b88,A,No
9a6d1582,A,No
ba78c467,A,No
0fab35f4,A,Yes
ab5d5fa6,A,No
473cd22a,A,No
09bc02d3,A,Yes
7e2686ff,A,No
967c0e32,A,No
f8ee62a5,A,No
626b08fe,A,No
ee38eba4,A,No
8a479eb7,A,No
29160303,A,Yes
b93ea162,A,No
edb9949c,A,No
74016d46,A,No
651ea07c,A,No
668d33c2,A,No
e42bd707,A,No
324edd7d,A,No
a0321386,A,No
f7b13a75,A,No
369c44bd,A,No
6d0557e0,A,No
ce55bef5,A,No
240434a8,A,Yes
86df2f2e,A,No
7e279f3a,A,No
d29ad3b7,A,No
978926bf,A,No
a4cbab04,A,No
35dfc734,A,No
92d34f55,A,No
98dba50e,A,No
6630e8a7,A,No
29934512,A,Yes
abd9814b,A,No
074f14c9,A,Yes
8e690ab7,A,No
3d65fc8e,A,No
5cb01ca0,A,No
7ab80d4b,A,No
6d83acf6,A,No
ef7849e2,A,No
e048c566,A,No
db558244,A,No
7b616f84,A,No
d7c72337,A,No
891f8025,A,No
5c0c3cd3,A,No
37d39990,A,No
36c2783a,A,No
1b59517a,A,Yes
65a80656,A,No
722db1df,A,No
d61ba95c,A,No
1a6743f1,A,Yes
51886be6,A,No
66e51ce0,A,No
48282c10,A,No
320b43f0,A,Yes
d882d305,A,No
d1baa11c,A,No
d5a2791e,A,No
58387d7b,A,No
3b8d018f,A,No
f4a14410,A,No
b336bb71,A,No
db8500aa,A,No
61a78972,A,No
03e2a644,A,Yes
1d8876d6,A,Yes
b3f5aa2b,A,No
8b40b337,A,No
49d0da15,A,No
fae42f6c,A,No
d236861f,A,No
ef7ca353,A,No
53e04f74,A,No
9137c00b,A,No
097b94bf,A,Yes
b6bfa811,A,No
bdee7e4c,A,No
1b5c066d,A,Yes
d3f89e71,A,No
c08beb72,A,No
1d08e489,A,Yes
45b7cefa,A,No
ed73cc5c,A,No
5b013573,A,No
9487a71d,A,No
a1f63a16,A,No
6abf0cbd,A,No
a6a6a032,A,No
0be68e83,A,Yes
a45aaec3,A,No
2ca28759,A,Yes
ee03bf22,A,No
48be6f5c,A,No
588f25b1,A,No
cff28b23,A,No
ffc1c3da,A,No
a5c75d08,A,No
c910b7f5,A,No
2839cc2c,A,Yes
67407258,A,No
dc2e942c,A,No
e59aef08,A,No
2f154473,A,Yes
1816d4ef,A,Yes
ad22df9f,A,No
e7657c2b,A,No
7cab165f,A,No
6dd0d9da,A,No
42634aad,A,No
f96cb3c8,A,No
14e1503b,A,Yes
89432d0b,A,No
1adcae3f,A,Yes
d5da82cd,A,No
ebcf0a59,A,No
64987ee5,A,No
7d446b79,A,No
9193ee5d,A,No
04a4485c,A,Yes
b294c592,A,No
c0a6dea0,A,No
d21313e0,A,No
1a7b89c1,A,Yes
8b6db536,A,No
e20166e1,A,No
36589951,A,No
34b80a11,A,No
4a278216,A,No
55401536,A,No
9b6130d0,A,No
800b26f3,A,No
e7991b77,A,No
b35929f9,A,No
aa364f8f,A,No
98348f5e,A,No
58c7bc3b,A,No
c2bdc0ab,A,No
0f91c035,A,Yes
ed01c5ef,A,No
0763ec00,A,Yes
68edf44a,A,No
1b917849,A,Yes
2e0afa10,A,Yes
5be271db,A,No
c631538f,A,No
ce5301b1,A,No
cac497ba,A,No
ae26d5b4,A,No
e59f2738,A,No
007e648f,A,Yes
9fd5f4e4,A,No
caff9289,A,No
decb4986,A,No
3027dd52,A,Yes
f6ff2b81,A,No
7f949b35,A,No
4e3a53ae,A,No
678e90fb,A,No
7a85bb22,A,No
59ef5ee8,A,No
c4a12821,A,No
f1c246f7,A,No
6a9efbc8,A,No
9e3bee1a,A,No
75d2436e,A,No
3240eb27,A,No
c4883d4f,A,No
bdbe64f0,A,No
6397847b,A,No
6a87cba6,A,No
36caf793,A,No
ffa0101e,A,No
b9c6191e,A,No
b29499fe,A,No
684ef722,A,No
691175f8,A,No
e92b933f,A,No
c14a6664,A,No
6c15070e,A,No
3ee7af57,A,No
ba6aeb35,A,No
30028634,A,Yes
1c41ba3d,A,Yes
eee622a8,A,No
cfd02774,A,No
14c10033,A,Yes
a8704249,A,No
e979ed62,A,No
ae19399a,A,No
12edb7a8,A,Yes
47c40279,A,No
3d8cb3e6,A,No
9acbc6ad,A,No
ca4dd1db,A,No
d9c526fa,A,No
8dce4642,A,No
8f71d894,A,No
f6c4e885,A,No
e1ec6ba4,A,No
f2b069b0,A,No
f16a6f2b,A,No
26a4031a,A,Yes
cee94783,A,No
269ecd82,A,Yes
1bde8bb2,A,Yes
8fdf2ad2,A,No
55848b53,A,No
997f7a98,A,No
975498d7,A,No
762a3198,A,No
39c60e77,A,No
d3d7c3df,A,No
8498762d,A,No
5e27555f,A,No
5a3765d9,A,No
20d61e11,A,Yes
420bf559,A,No
7c30c774,A,No
947c6189,A,No
f511b960,A,No
491eeab5,A,No
66ac97b3,A,No
54fe199a,A,No
f765084e,A,No
d4ec4b35,A,No
978cd6e8,A,No
893f3874,A,No
3ca7cab1,A,No
78070755,A,No
93c797cf,A,No
2aab2db0,A,Yes
eb59c744,A,No
29ff609d,A,Yes
948b613a,A,No
1b149beb,A,Yes
e905be20,A,No
4f26aa30,A,No
5e610ca6,A,No
bf0c5eda,A,No
97bb0656,A,No
e008b02c,A,No
1abcef55,A,Yes
2b3956ec,A,Yes
2233032a,A,Yes
29af8651,A,Yes
66d9dcd6,A,No
ac2a505e,A,No
2a30b256,A,Yes
de73e427,A,No
ae00f658,A,No
5e9aa42f,A,No
299621dc,A,Yes
82b333f2,A,No
c6d520af,A,No
a1e6c74f,A,No
fa52d814,A,No
84fa43dd,A,No
f412f6e4,A,No
f78d59b8,A,No
326619ff,A,No
bb7ddd0c,A,No
b0cfe716,A,No
3d473364,A,No
ea9ec4cc,A,No
cdd298a7,A,No
3b34f41a,A,No
716a2c99,A,No
72a99835,A,No
97dfdf2a,A,No
4116dcaf,A,No
0a723666,A,Yes
a4c110de,A,No
31e79d67,A,Yes
4f5edf59,A,No
b5795929,A,No
2776b51f,A,Yes
d69b2b8d,A,No
fb3b0e63,A,No
e36d91c7,A,No
1f6f647c,A,Yes
58fd85a9,A,No
95073e01,A,No
32a5e896,A,No
e9948f57,A,No
325ad7b7,A,No
9c205aee,A,No
1499a998,A,Yes
5bd01801,A,No
e618cab9,A,No
eaa55a1f,A,No
0b9e506d,A,Yes
02795c45,A,Yes
7b3e7c8c,A,No
06349aa7,A,Yes
8605da64,A,No
43240bd9,A,No
9d4cffa8,A,No
bbb9bb0f,A,No
7af2b1d4,A,No
3bb2cf1e,A,No
f206b46b,A,No
d2903e94,A,No
c13d61a9,A,No
ca412ef0,A,No
1a9e3d6e,A,Yes
2037ed22,A,Yes
f717b18f,A,No
bb23cc39,A,No
14b8e051,A,Yes
6006bd87,A,No
21d86c34,A,Yes
270bc103,A,Yes
6d1b2af6,A,No
1df69f97,A,Yes
d2247d54,A,No
86e87922,A,No
bf7dd5e0,A,No
8fbd65cd,A,No
3c3f17e9,A,No
fbf0333a,A,No
e7896002,A,No
a94f265c,A,No
e2795d60,A,No
8d766cd6,A,No
b2b3d85d,A,No
14371e73,A,Yes
2e60c892,A,Yes
11175426,A,Yes
42146b20,A,No
c8d5b779,A,No
17ace484,A,Yes
a72b2c57,A,No
9a985b32,A,No
83b73d5a,A,No
baf05923,A,No
603c605f,A,No
024c09c0,A,Yes
54af5aa2,A,No
c4d1c026,A,No
cccef3df,A,No
d9cb4e14,A,No
118041ec,A,Yes
cb471129,A,No
952a73ef,A,No
c0086a2e,A,No
bc560fb1,A,No
c19bdb9f,A,No
a33ff262,A,No
6f738223,A,No
efa1079d,A,No
95b421fa,A,No
46c07839,A,No
db408764,A,No
7c643087,A,No
1ab1ccc0,A,Yes
9df184e4,A,No
7b1121ce,A,No
1417897d,A,Yes
19a08b93,A,Yes
1374d9b0,A,Yes
b47b70d9,A,No
5321da1d,A,No
4e4c692f,A,No
ffa3f2b2,A,No
eac787d9,A,No
e5335fff,A,No
4a234b7f,A,No
2f21ac0b,A,Yes
0ba22891,A,Yes
f3dc7922,A,No
3d861db7,A,No
5c944174,A,No
e6ceb93e,A,No
400de3ee,A,No
303874da,A,Yes
79e5cce8,A,No
648ea6f2,A,No
48c388df,A,No
399e6939,A,No
4b54941d,A,No
66ee7c2f,A,No
84f5a2d8,A,No
ec8c4ac6,A,No
fb6e397b,A,No
77c75244,A,No
5050f245,A,No
a81317d7,A,No
615db5c5,A,No
57816995,A,No
cd79e4df,A,No
010d78d4,A,Yes
da595a7d,A,No
0d2568d2,A,Yes
8e26f089,A,No
f46e20fe,A,No
954733e6,A,No
7f0f5251,A,No
ca4691a4,A,No
40015f2e,A,No
8b7e64c8,A,No
4dce554f,A,No
f20390f9,A,No
e42e9dba,A,No
bea3e19c,A,No
ed8bfc11,A,No
f3158b4b,A,No
d3990109,A,No
0fcfb107,A,Yes
5a721822,A,No
9b19c36b,A,No
44796076,A,No
399c46b3,A,No
3c3915e6,A,No
1e2a7043,A,Yes
fd38a50e,A,No
ac6a8788,A,No
9aff07fe,A,No
af8d5134,A,No
d74561fd,A,No
2528c7ee,A,Yes
5a68868a,A,No
d1491f11,A,No
40e4e176,A,No
1923671c,A,Yes
73eafe59,A,No
d975360f,A,No
f6679652,A,No
deeceb6c,A,No
381b86bc,A,No
96093103,A,No
00eaefe9,A,Yes
71c3b9ef,A,No
6a5196d4,A,No
5c03d81e,A,No
1f9e8c07,A,Yes
345620a8,A,No
45d7538e,A,No
8a6ab106,A,No
a16e9c85,A,No
df321a74,A,No
ac86b5cd,A,No
7485ca60,A,No
4191dbdf,A,No
394f53f4,A,No
9d770931,A,No
0570e495,A,Yes
6809666a,A,No
f1442576,A,No
d03b622d,A,No
1c17695f,A,Yes
5935b1d1,A,No
c2aa27a2,A,No
cef6d990,A,No
5eccd846,A,No
1836647b,A,Yes
4df7ef0f,A,No
4c49c056,A,No
0da10565,A,Yes
32f1d64c,A,No
d3af9b54,A,No
4c4376a1,A,No
c94492b7,A,No
bd96fa7a,A,No
775e43fb,A,No
9507c4a5,A,No
f3b1aa05,A,No
6d3c4af4,A,No
d887cbcf,A,No
9a3e192e,A,No
700831d8,A,No
7deb3eab,A,No
3e1d364a,A,No
66425b16,A,No
eebf4c74,A,No
7a8000b5,A,No
b29f1c4b,A,No
23afe28f,A,Yes
f3ee26b7,A,No
906746dd,A,No
fbd7f00f,A,No
7fb01954,A,No
8e4f3bdd,A,No
f58a6101,A,No
d62744f8,A,No
14e9c50d,A,Yes
673604a5,A,No
4c463305,A,No
7f656598,A,No
b0da0a14,A,No
a5fb6dda,A,No
3e1dd6e9,A,No
c760ddd9,A,No
003fde4f,A,Yes
1f16a092,A,Yes
f945291b,A,No
beb168e5,A,No
1135b403,A,Yes
3a85d476,A,No
816a8abd,A,No
9fa8cca6,A,No
8bbe9cc6,A,No
2dd810a2,A,Yes
e113f5c1,A,No
69617e22,A,No
f5e23aa7,A,No
69f4505d,A,No
a7d0c4c3,A,No
aaeacdbb,A,No
7d789aa3,A,No
e910d7ce,A,No
bdd3e5a3,A,No
90588e6f,A,No
d48bf0c3,A,No
844149fb,A,No
33a85937,A,No
cbb3e116,A,No
bd949232,A,No
8db43775,A,No
12d93138,A,Yes
45e09861,A,No
0d13ccf9,A,Yes
fc2edbaf,A,No
f4c23f79,A,No
b0cfdbba,A,No
54599df6,A,No
ab987972,A,No
f12e7d7e,A,No
6f414181,A,No
63a377aa,A,No
01d5d663,A,Yes
0798e34b,A,Yes
691b6f57,A,No
70477161,A,No
e0e03f0d,A,No
61ca0337,A,No
1a5cdd01,A,Yes
4fa430dc,A,No
78a85222,A,No
e2d95aa3,A,No
afbd9179,A,No
94077b8d,A,No
d58a4bc8,A,No
3f1a6a41,A,No
a76e83a3,A,No
44644fe3,A,No
22d6f317,A,Yes
fc0be9ec,A,No
29f6a1de,A,Yes
fbbca187,A,No
f0f8d33f,A,No
55e94f7f,A,No
33d4ad84,A,No
2aaeed3b,A,Yes
615ba1b7,A,No
90cf75d2,A,No
973675ea,A,No
4a8cd23e,A,No
d58edbb9,A,No
84ba6d01,A,No
e7f818fd,A,No
072bfea6,A,Yes
46508f0d,A,No
04eecb3c,A,Yes
5b88c352,A,No
7dac1e70,A,No
e202c821,A,No
9e240cee,A,No
2d419a97,A,Yes
e5e435e7,A,No
aa63c6e1,A,No
429a7139,A,No
22e856bb,A,Yes
668fd4ad,A,No
805de76f,A,No
d931fed6,A,No
eb3fec9f,A,No
9d2d7992,A,No
02fed3f9,A,Yes
7a5b08a6,A,No
4070f569,A,No
7f67f2ac,A,No
b9701467,A,No
b04b381e,A,No
5501db17,A,No
f2144f4d,A,No
0bcde62a,A,Yes
d233da96,A,No
65923c8a,A,No
b5bd7d5b,A,No
b2407501,A,No
02116c6c,A,Yes
767eb274,A,No
a8a63cd6,A,No
d578a2b8,A,No
6cbbd45b,A,No
6aa942aa,A,No
c2e78b70,A,No
65e0808b,A,No
1a34255f,A,Yes
5f972887,A,No
189e6b7e,A,Yes
c5c56f9d,A,No
7a7cb553,A,No
bf82846f,A,No
8e423dfd,A,No
bf4e56d4,A,No
157f4a41,A,Yes
82227568,A,No
6a86cb32,A,No
36751257,A,No
f9823bb3,A,No
6ab35568,A,No
335273b9,A,No
650ba63a,A,No
7d1d1276,A,No
3d17ed69,A,No
ac5d4dcc,A,No
15d07dfd,A,Yes
a8c1ab54,A,No
49227a59,A,No
74ffdc19,A,No
15a89d03,A,Yes
fc944f4c,A,No
b9e52032,A,No
4284a0ee,A,No
30c7e190,A,Yes
898b47b6,A,No
59244c8a,A,No
21032c6f,A,Yes
1063aa97,A,Yes
4ec04900,A,No
c1078d53,A,No
3bd391aa,A,No
6ce1f57c,A,No
b863b049,A,No
f1e2d0d2,A,No
f82a7d95,A,No
c43e1e58,A,No
4fffe930,A,No
aefb6fd5,A,No
bab0a979,A,No
a66c2d74,A,No
8b9ac9e3,A,No
646f54da,A,No
7d0e066c,A,No
68b1fd8d,A,No
3dbe072a,A,No
af66f091,A,No
5cf379a6,A,No
4f82d120,A,No
c27e7efa,A,No
6911fc1b,A,No
7790844a,A,No
6a608363,A,No
c6cf6b5f,A,No
400c4238,A,No
2751cf04,A,Yes
3267cb56,A,No
c0627719,A,No
757db453,A,No
ef98f962,A,No
bcce6237,A,No
0e3a9bd8,A,Yes
d290cffc,A,No
8985818a,A,No
6b95a160,A,No
11ae04eb,A,Yes
c36a0268,A,No
47964086,A,No
b2a58acd,A,No
e4cc93a5,A,No
78be74d2,A,No
d3e98af9,A,No
69df9bfd,A,No
51a891e5,A,No
47671f96,A,No
b6e8467c,A,No
a4b23bb6,A,No
eb56220c,A,No
ccd55805,A,No
ed23c242,A,No
4f4b8ade,A,No
0907086d,A,Yes
67b84a0e,A,No
8fad0e50,A,No
befddb8b,A,No
81a94364,A,No
6afcc333,A,No
0222bb01,A,Yes
47a0e124,A,No
666b3ca7,A,No
74bdc974,A,No
257ddf10,A,Yes
6ec647bc,A,No
f5790123,A,No
f9e4e466,A,No
dd851bd3,A,No
3171ee77,A,Yes
0a7585ad,A,Yes
4a96a3f8,A,No
90acc8aa,A,No
0d1ec09b,A,Yes
3d41dd7a,A,No
8f8c41e8,A,No
366d9ea7,A,No
eae72be4,A,No
df78081e,A,No
582405f1,A,No
82698203,A,No
bee50fa7,A,No
978b69f3,A,No
82966ffb,A,No
2286d973,A,Yes
9273c777,A,No
32f2e666,A,No
cf574f90,A,No
0013c1db,A,Yes
1130244d,A,Yes
e1336f4b,A,No
09c4b874,A,Yes
b67de8df,A,No
dee43871,A,No
77bf1bce,A,No
ebb245e3,A,No
dc4ab88d,A,No
48e84821,A,No
9f2e512b,A,No
58f4982f,A,No
29b7ebb7,A,Yes
3a7c8b83,A,No
3236c37b,A,No
c9eea326,A,No
002973fe,A,Yes
3af5691e,A,No
2cbe7876,A,Yes
f850ea20,A,No
f6435062,A,No
a4cf180b,A,No
3619ef03,A,No
15dc585a,A,Yes
a7a3f95c,A,No
ec31989f,A,No
89439558,A,No
b08dfa4e,A,No
c65cdac3,A,No
4e6344db,A,No
5a4f82e8,A,No
dae9b942,A,No
1c9fab39,A,Yes
39539996,A,No
0240d784,A,Yes
a15cfb80,A,No
11ba7a9b,A,Yes
270b528a,A,Yes
a8bfc97e,A,No
9d809402,A,No
65bd69fb,A,No
355848fa,A,No
8921db4f,A,No
df36e95f,A,No
367c3084,A,No
bdd3fb9d,A,No
f3a4d427,A,No
6dbfdb5d,A,No
43c819db,A,No
0311b04a,A,Yes
a5f45ff9,A,No
fcfab4d3,A,No
23b74bb4,A,Yes
bf3138f4,A,No
1e2a9f2a,A,Yes
48ac32a3,A,No
2e0a103a,A,Yes
be44d2ce,A,No
22daba6e,A,Yes
4e0b5fce,A,No
22a54a3a,A,Yes
2cd7f18b,A,Yes
81cbed90,A,No
11595de7,A,Yes
07cf90bc,A,Yes
8148c5a6,A,No
22ff0bf2,A,Yes
ff9bc8d3,A,No
66608420,A,No
abade5bb,A,No
62573c7b,A,No
3334d4c6,A,No
f3d40e11,A,No
70e1a157,A,No
d7a56e43,A,No
3496616f,A,No
53df9713,A,No
b15a6fdf,A,No
9edc6295,A,No
0a995176,A,Yes
91a09460,A,No
125d45d7,A,Yes
c9bd3e03,A,No
f1cb7e48,A,No
892b757b,A,No
9e6e7386,A,No
4451bbfb,A,No
c4f1208e,A,No
44dc9648,A,No
2cea2e2b,A,Yes
924d5437,A,No
61f95860,A,No
74bfbd54,A,No
0f793c50,A,Yes
73712526,A,No
b88be6e7,A,No
80a992b4,A,No
9a716d1f,A,No
09b9e947,A,Yes
7fc0729e,A,No
2b59efb7,A,Yes
09af0d87,A,Yes
c0b877f4,A,No
163bd7ce,A,Yes
65482cd4,A,No
af1b5ddb,A,No
748794e5,A,No
1fd04249,A,Yes
f48e3710,A,No
96a2ab25,A,No
cd71b96d,A,No
9ffe8a51,A,No
93c42d83,A,No
cb731d05,A,No
6b3398bc,A,No
048d276f,A,Yes
63d5a6df,A,No
ac838700,A,No
e34ec529,A,No
2e89d8b2,A,Yes
9bd35f62,A,No
bbed5d06,A,No
b9d3cd3d,A,No
91ea6fb5,A,No
ab5e134d,A,No
6e874b61,A,No
7c0bcc48,A,No
610270ed,A,No
034fb78c,A,Yes
5215754b,A,No
d67d4d6e,A,No
dda7b07a,A,No
7ff11a16,A,No
89aed59d,A,No
3f64e6b9,A,No
f58fe327,A,No
48fe413b,A,No
3dd2c404,A,No
553f04af,A,No
6a209286,A,No
1e66ce63,A,Yes
885a9b2e,A,No
414742c7,A,No
e536f9b7,A,No
edef7c2d,A,No
d9fa8dae,A,No
c87fb230,A,No
0a905215,A,Yes
9874bd57,A,No
ea43d68d,A,No
3b6b639e,A,No
3e7f73f5,A,No
c958838e,A,No
58d0d932,A,No
054bc9ff,A,Yes
79bca565,A,No
c1f5315e,A,No
b137298d,A,No
780aabee,A,No
3c856d49,A,No
a9b49277,A,No
6169e474,A,No
fee367a2,A,No
df321a39,A,No
58e3d210,A,No
5af456e5,A,No
639545a8,A,No
cacc4647,A,No
c645383d,A,No
997abe50,A,No
aa52812b,A,No
1b207e93,A,Yes
8376953d,A,No
55cc078b,A,No
c732d9b1,A,No
ad41b8bd,A,No
c5ba7bbb,A,No
3506aed9,A,No
fed31a2c,A,No
e2298fd0,A,No
821450c2,A,No
1aeb76d3,A,Yes
ff49d4b8,A,No
96e026c8,A,No
681657ae,A,No
982a0781,A,No
ad46dddc,A,No
072066f9,A,Yes
6b6f6ef9,A,No
cdf36078,A,No
3e95c317,A,No
97f945eb,A,No
17ae9bde,A,Yes
ed31dd8f,A,No
246952d0,A,Yes
ee4adf5c,A,No
ce97f251,A,No
6ecf5648,A,No
0cda22f9,A,Yes
d3c12428,A,No
e3b0f598,A,No
03deef8a,A,Yes
5e7d463f,A,No
4d03a16a,A,No
0930e5db,A,Yes
ac1de762,A,No
5aea49d4,A,No
cf74eb5e,A,No
b60e2b1f,A,No
00ce8af2,A,Yes
b5bc1ae8,A,No
e8ce486a,A,No
c8c1363a,A,No
0df3f1a8,A,Yes
2dd618a3,A,Yes
66b24800,A,No
e706a6e0,A,No
385c2bd8,A,No
ced6f69e,A,No
7f462a56,A,No
74788aaf,A,No
d45b99e4,A,No
4635dc44,A,No
b3626f2c,A,No
fca67317,A,No
07d30268,A,Yes
8eded6fd,A,No
06e69cc5,A,Yes
bcbad1f3,A,No
0c46096a,A,Yes
9d1c1ab5,A,No
954d247d,A,No
03a428d9,A,Yes
a0d1f3df,A,No
3fa69bfb,A,No
72c737ad,A,No
d6f99abc,A,No
c7c991ec,A,No
d6e9a64a,A,No
685bb45b,A,No
e4d27e62,A,No
8a7f456b,A,No
ca5a589a,A,No
9d412a3a,A,No
550136d4,A,No
73a2d790,A,No
f9700690,A,No
4c3d9ece,A,No
bf2a122e,A,No
95839bb3,A,No
0c582af5,A,Yes
a146471b,A,No
853aad69,A,No
7bbbf97a,A,No
9e24a431,A,No
ae9b3a16,A,No
db1a2188,A,No
476013e3,A,No
5c786c19,A,No
250d97b1,A,Yes
f76188e8,A,No
a185405e,A,No
694f2e3b,A,No
085a7b8e,A,Yes
9953a18e,A,No
32d13fa3,A,No
33e354e5,A,No
00918c81,A,Yes
cfab1705,A,No
48fdb1f8,A,No
f23326f1,A,No
5b00012e,A,No
62a27065,A,No
50b35597,A,No
751e638a,A,No
cd0680a6,A,No
e9598bd2,A,No
319bad3a,A,Yes
6cdbf95c,A,No
1ed65fa9,A,Yes
b25919ff,A,No
9d043f38,A,No
43791342,A,No
72af9430,A,No
86a0bc5e,A,No
28ddb278,A,Yes
320080b1,A,Yes
afd01c55,A,No
d02131ad,A,No
294d812b,A,Yes
f0ef5812,A,No
1823ba21,A,Yes
55c91b0a,A,No
2789f44e,A,Yes
cd4a8e51,A,No
dd6e7e1b,A,No
81b0cf97,A,No
506df5f2,A,No
bb84f669,A,No
95a13890,A,No
a2fd1598,A,No
cbc76815,A,No
79242b59,A,No
03c07b62,A,Yes
eecdb3ad,A,No
e2a5afbe,A,No
de8488b3,A,No
b47d3e8d,A,No
15710286,A,Yes
be302ba5,A,No
c1359710,A,No
7a9e9730,A,No
252ded86,A,Yes
89b6e520,A,No
a40cbff7,A,No
35779fbe,A,No
35acd805,A,No
e001b554,A,No
98212e58,A,No
90a4ad6d,A,No
71f77e37,A,No
078666e2,A,Yes
986456c6,A,No
7b8f910f,A,No
6a22d5be,A,No
9aa8a6cf,A,No
ca2184a1,A,No
5be2a3f1,A,No
09fd7707,A,Yes
8d529c3f,A,No
ab66044b,A,No
f67e2dd4,A,No
0d2271f8,A,Yes
4531f9e6,A,No
3a099c51,A,No
eb585e3f,A,No
6ddb1e48,A,No
96be8d06,A,No
9463f7e0,A,No
6993e84f,A,No
6f2a279a,A,No
2b9d6142,A,Yes
cca09bad,A,No
af281c8a,A,No
0ed721c9,A,Yes
1eeb1600,A,Yes
8618430b,A,No
4f84149c,A,No
be9b2672,A,No
321c96eb,A,No
b0d551a7,A,No
0e62f7a0,A,Yes
405afac3,A,No
a6810802,A,No
a8bb2c37,A,No
76410e10,A,No
55fb314f,A,No
143209b1,A,Yes
6414ccce,A,No
d6d9762a,A,No
08ad6384,A,Yes
0f7f3d12,A,Yes
1f89b0e8,A,Yes
e5ba7dc3,A,No
fb0fc910,A,No
7d9ee19c,A,No
4565c135,A,No
d997d6f2,A,No
16b22328,A,Yes
9d19f341,A,No
94662e54,A,No
468c99e7,A,No
fa1034d9,A,No
772ff0b3,A,No
3d9e3be3,A,No
080a9124,A,Yes
631cc284,A,No
09cf9910,A,Yes
1497a17d,A,Yes
d5c1c9cb,A,No
736e9173,A,No
33a29290,A,No
35d0bb65,A,No
8e77ab39,A,No
e712c90c,A,No
a41c8605,A,No
e6370943,A,No
408d9603,A,No
79783ca2,A,No
cf8732c0,A,No
b995a16d,A,No
2a8f3ea9,A,Yes
0211ddf1,A,Yes
f8a80d14,A,No
40ea8294,A,No
e9e77dda,A,No
7e4d472d,A,No
63d4669e,A,No
62a3dca4,A,No
2138e8ab,A,Yes
3fcbcb60,A,No
ec3cb229,A,No
f5b5e340,A,No
23053963,A,Yes
62e60e06,A,No
ceed0772,A,No
a62a4799,A,No
8769f4af,A,No
bb39e097,A,No
2dbcaf88,A,Yes
877b1e60,A,No
a2bdfe5b,A,No
3d05c1ed,A,No
7fd79a40,A,No
f33c3510,A,No
0a11b193,A,Yes
4762b223,A,No
c5e32203,A,No
261ea72a,A,Yes
523354ac,A,No
716f3e79,A,No
9a4a0009,A,No
9c774f04,A,No
d59bcf54,A,No
c3787aed,A,No
2ad85c7d,A,Yes
c3657cee,A,No
df0d3652,A,No
8062d5ba,A,No
1af1304f,A,Yes
a3bc0145,A,No
06506cff,A,Yes
70cc2959,A,No
6df1bd42,A,No
16098923,A,Yes
e4dffcfc,A,No
0c986200,A,Yes
afae0def,A,No
509fb437,A,No
f0c79f78,A,No
7c216edf,A,No
33a75e5d,A,No
95ae2e2f,A,No
5bcbce09,A,No
90943c9c,A,No
16aa8d83,A,Yes
7d6fdc6f,A,No
599ef16c,A,No
bf842286,A,No
828769b7,A,No
f4e1ed7d,A,No
dea2dc8a,A,No
77d81a67,A,No
3d81e9c8,A,No
9586855d,A,No
951c99f0,A,No
e87e7005,A,No
61409573,A,No
f27567b9,A,No
a899fe03,A,No
e04ff53f,A,No
c72972b3,A,No
20834beb,A,Yes
f9be76d5,A,No
0a97e8b9,A,Yes
a3f97ec6,A,No
871e2a1a,A,No
4ef385b0,A,No
a70eaa6d,A,No
64e75e47,A,No
d9c7e304,A,No
510a03ea,A,No
cef8b689,A,No
9c522b34,A,No
61138af8,A,No
6dfcbfb5,A,No
cb2079ae,A,No
89ea2756,A,No
eac3438f,A,No
0b4e148d,B,Yes
8b140cc2,B,No
b3cef3bd,B,No
574818c1,B,No
3670df7f,B,No
5491088c,B,No
5af19bff,B,No
5bf1c4ca,B,No
f4631772,B,No
35ae544e,B,No
78837e19,B,No
1f9c733f,B,No
d53c2d42,B,No
6b884b09,B,No
74a5be77,B,No
9ff736e3,B,No
193f3f67,B,Yes
56ef96b8,B,No
f728094c,B,No
528a31ba,B,No
f522470f,B,No
be2b2450,B,No
9bdd2815,B,No
09e4cd32,B,Yes
160404e9,B,Yes
915332c3,B,No
74fb9fa1,B,No
53cc50ac,B,No
7b12479c,B,No
5b769310,B,No
bac275da,B,No
715da922,B,No
61238b13,B,No
f2f6b0e0,B,No
7c3b4815,B,No
f0922820,B,No
73562082,B,No
827aebd6,B,No
0edcf518,B,Yes
05c117b5,B,Yes
a67394f6,B,No
8e798386,B,No
3369c862,B,No
672c604c,B,No
7021198c,B,No
d42f76db,B,No
1af4ff7a,B,Yes
5d86e7d4,B,No
6e050423,B,No
9629ab57,B,No
150212ed,B,Yes
f24d9991,B,No
690e17b2,B,No
e2195cdc,B,No
a183da70,B,No
7a040ab7,B,No
8b147b82,B,No
f10fe6cf,B,No
f5789526,B,No
eeaad056,B,No
b631801a,B,No
b7cc1eeb,B,No
f1dda23f,B,No
cea6158b,B,No
8830891b,B,No
dbf45a65,B,No
3e1fc528,B,No
0e2720f9,B,Yes
45083609,B,No
e8f1e501,B,No
7a5e72e0,B,No
7cbde41b,B,No
18856a9e,B,Yes
bd026c12,B,No
dc335764,B,No
9e773def,B,No
04b927cf,B,Yes
009fd341,B,Yes
d7c58c4b,B,No
ec254074,B,No
edaf5465,B,No
f7780f5d,B,No
9a044e80,B,No
f6b2725a,B,No
0d25e837,B,Yes
7212d5b4,B,No
47bdccba,B,No
f44272b6,B,No
cb4d8d42,B,No
181ca4dc,B,Yes
06424e24,B,Yes
85383901,B,No
061ffb37,B,Yes
bc4f72c8,B,No
c55f0797,B,No
e714bfca,B,No
5fbbc430,B,No
3a1ba1eb,B,No
2e99a4db,B,No
a457217a,B,No
b1e36c1a,B,No
5c411a5e,B,No
196e7713,B,Yes
8b30b3b3,B,No
d9be525f,B,No
aa06d54e,B,No
e9ccf3e1,B,No
8d17e61f,B,No
b410a84d,B,No
44095cb7,B,No
6d5343df,B,No
d7c724bb,B,No
c73919f2,B,No
9f2b091a,B,No
500a6765,B,No
689831ab,B,No
772e71a0,B,No
dba6c2a6,B,No
6864ca6b,B,No
6216bedc,B,No
7b94b7ef,B,No
604243fb,B,No
5a4336c2,B,No
371926a7,B,No
5a56c16f,B,No
fb132adf,B,No
b94d1a2f,B,No
0e1d3c21,B,Yes
ef0ac336,B,No
180674e5,B,Yes
22a22e5e,B,No
15590fb0,B,Yes
c6b96bd6,B,No
bb276af4,B,No
136a5b85,B,Yes
23fbc835,B,No
d0539764,B,No
2a039db4,B,No
4ec8ec27,B,No
7e1cc054,B,No
92949e29,B,No
3fbc44ed,B,No
26300ba8,B,No
cc7383dc,B,No
fadc6a32,B,No
736f04d4,B,No
e0d912ac,B,No
7dc77a3e,B,No
4f00661c,B,No
c8a85d86,B,No
06c65b15,B,Yes
59c3a957,B,No
56f00546,B,No
859d0875,B,No
55cdd3f3,B,No
00b082b0,B,Yes
616ada70,B,No
e4ed3be4,B,No
f889c57c,B,No
559b7862,B,No
4becbdde,B,No
e07ad690,B,No
166c53f1,B,Yes
e5ff1932,B,No
182f93d9,B,Yes
8eeba56c,B,No
adf945ff,B,No
95f62d2b,B,No
67b9fe48,B,No
f920d81b,B,No
ee8b5a89,B,No
dbc11b62,B,No
4a2fcb89,B,No
09f085c8,B,Yes
c79b9f93,B,No
097c2442,B,Yes
b44844c2,B,No
e443084a,B,No
a6ec20ba,B,No
2701635c,B,No
62a081df,B,No
8aaf0dc6,B,No
ab32f85a,B,No
75bc5d1b,B,No
0da58eb2,B,Yes
829081b9,B,No
68cf6ae4,B,No
ccce9cc1,B,No
ea0e5ede,B,No
8a68ff0e,B,No
f502d166,B,No
3d960b1d,B,No
e958e098,B,No
850c0292,B,No
320771cc,B,No
d1b79c29,B,No
8d13e139,B,No
79665326,B,No
7be04e22,B,No
d36c1fe1,B,No
e382bd9f,B,No
a01d7c5b,B,No
4173d409,B,No
8fcf5657,B,No
d982eee5,B,No
2b88d190,B,No
002c9739,B,Yes
19cf3454,B,Yes
a91c5cc0,B,No
c172a697,B,No
c3d6c505,B,No
0cf5eecf,B,Yes
12f5c479,B,Yes
29b269c5,B,No
27755ac0,B,No
cbb089f0,B,No
10af2619,B,Yes
dd1cd4e9,B,No
e6dd8da3,B,No
1531daaa,B,Yes
a53e14c1,B,No
e0b0366f,B,No
960b4c0c,B,No
fd6cf9aa,B,No
8842cb49,B,No
37e43fbe,B,No
6549e550,B,No
5b6a5713,B,No
f8d015ad,B,No
36a6b59a,B,No
f27a71ef,B,No
254a6eca,B,No
aeffcd21,B,No
085f578c,B,Yes
27082a80,B,No
76f41241,B,No
edcb5450,B,No
7d9deae7,B,No
c821fcaa,B,No
7c530ea3,B,No
8f61eae6,B,No
35cf211d,B,No
3b073cea,B,No
f8c9eee5,B,No
0fa8d293,B,Yes
92f903a1,B,No
9e2848cf,B,No
1eb6a2d2,B,No
d5968bc1,B,No
92a52d7c,B,No
5d0b0daf,B,No
0e41cc7b,B,Yes
aeae5390,B,No
034c5a43,B,Yes
59e576f3,B,No
4b0b8f19,B,No
e86ef5c9,B,No
b9c581aa,B,No
ecfca7b1,B,No
de055a7c,B,No
cf5dcf34,B,No
24c03c75,B,No
cd54273f,B,No
b9952b66,B,No
41621e61,B,No
dcf516e3,B,No
949a8153,B,No
6bd873c0,B,No
862656d7,B,No
b942c905,B,No
725a434a,B,No
d5dbf5b6,B,No
5f787d5b,B,No
b5a09625,B,No
e512579c,B,No
7205f6ce,B,No
c9b4fa5e,B,No
a691a085,B,No
1a2f27c3,B,Yes
3c4f4037,B,No
94692066,B,No
47e8bc59,B,No
cf29b188,B,No
619cbbba,B,No
0ac2c1f2,B,Yes
8d6e27e2,B,No
fd7df6f2,B,No
748e6765,B,No
8b57e4f1,B,No
d60470e5,B,No
358cedd3,B,No
2c95dd57,B,No
75557848,B,No
130d2562,B,Yes
be0295d7,B,No
40efd9cb,B,No
5219f73b,B,No
d251f427,B,No
5cdec1f7,B,No
0a23730f,B,Yes
d2c04111,B,No
39ac6301,B,No
3099ce49,B,No
89fa7dd9,B,No
87392336,B,No
29679df3,B,No
90972374,B,No
478602e7,B,No
88538122,B,No
e4abb4ce,B,No
18df1f50,B,Yes
037534d2,B,Yes
fc5db445,B,No
befd18c1,B,No
796e187d,B,No
3f326e86,B,No
1a83d5cf,B,Yes
9b2404d6,B,No
f367813b,B,No
c5e4ea02,B,No
08afa1ee,B,Yes
5e4db1cc,B,No
399a1e25,B,No
4a973367,B,No
6200aad1,B,No
ce985872,B,No
29892859,B,No
e49d0463,B,No
10eb0b15,B,Yes
33e27588,B,No
cdf18da7,B,No
ba5592d2,B,No
0995f19b,B,Yes
a86e14a0,B,No
0b85d9c3,B,Yes
39644ac8,B,No
191de039,B,Yes
22f9a29f,B,No
34ba587a,B,No
e872856d,B,No
9d4d02c9,B,No
f2c2d036,B,No
5890ffda,B,No
c7826b91,B,No
6ed90980,B,No
5dbd5008,B,No
889b61b2,B,No
f0f423e4,B,No
3bbfc6c4,B,No
7cf0b9c5,B,No
cf845aa0,B,No
ced103c6,B,No
2c454f35,B,No
3ef03d0f,B,No
bddd0a62,B,No
55c9c1b1,B,No
d811e369,B,No
9ad12b27,B,No
aaeea0f1,B,No
01bbb321,B,Yes
d5d8e3ba,B,No
7f81d512,B,No
df6472a5,B,No
8dfb308e,B,No
455697aa,B,No
024061a5,B,Yes
65bbc626,B,No
48dbe369,B,No
5f9ba279,B,No
21eefeef,B,No
d418773d,B,No
f43aaa7d,B,No
e6f2d995,B,No
5ac57f15,B,No
86c6d563,B,No
3a7767e3,B,No
29a3c2d3,B,No
fe3df3af,B,No
938a6fdb,B,No
a2cfd6e4,B,No
67632dd3,B,No
5b72d316,B,No
38feb106,B,No
cc8bd413,B,No
5116de08,B,No
9fd87373,B,No
5e42e520,B,No
4d0d9ffc,B,No
ee29e513,B,No
d281feac,B,No
dcb3a772,B,No
e38979ac,B,No
77a44b23,B,No
43f045d2,B,No
a83d188e,B,No
cb881560,B,No
a71d99ef,B,No
97231fc4,B,No
7736e96b,B,No
c4e6ffd3,B,No
74de8b3e,B,No
c90058ea,B,No
5ef99810,B,No
d255883c,B,No
a0cb5d44,B,No
c4db5b6c,B,No
394d7adb,B,No
d7455a4f,B,No
a99b0ca8,B,No
29de5c1e,B,No
41bbb635,B,No
a1cf2c2c,B,No
a92859a3,B,No
52d9df02,B,No
8ffb51e1,B,No
9c0798ed,B,No
0799b1d0,B,Yes
4e0d953a,B,No
73457e02,B,No
b49a5dc6,B,No
8325e229,B,No
01c1716b,B,Yes
3a4beb0b,B,No
97a586f4,B,No
dc397875,B,No
41673e01,B,No
41c1ac23,B,No
10771cd5,B,Yes
1aa9b360,B,Yes
c1de26aa,B,No
cae030c0,B,No
c8451cbc,B,No
f881a4fe,B,No
4c7ad4fa,B,No
2681ccc2,B,No
d8278359,B,No
fff57bf7,B,No
d2a89d15,B,No
bc83e28f,B,No
53e9affb,B,No
28f99363,B,No
9f542891,B,No
fc8cf3c7,B,No
37675436,B,No
e673722b,B,No
89d4b45f,B,No
10f88277,B,Yes
da52b9e7,B,No
7d014516,B,No
e0d7f934,B,No
55825445,B,No
8ab91264,B,No
0489f695,B,Yes
068c8d08,B,Yes
4d46d81e,B,No
309b30d3,B,No
48bef8ab,B,No
041b9ba4,B,Yes
44bdfc6b,B,No
3344e040,B,No
767c279b,B,No
39a4d4f2,B,No
55dad502,B,No
c15f4d4d,B,No
a220c5b2,B,No
a4344481,B,No
8167cba4,B,No
c608bdf5,B,No
27852491,B,No
58ebc9ca,B,No
28bc5f50,B,No
9954f385,B,No
c1689cfe,B,No
bed37a02,B,No
46ee7c1a,B,No
c8157395,B,No
db83206c,B,No
b38e1fec,B,No
7d648434,B,No
cfaa0569,B,No
da6b0380,B,No
145c0be7,B,Yes
37effad2,B,No
753b2a2c,B,No
7641e07c,B,No
ff082aee,B,No
f20e23c6,B,No
057c9c6e,B,Yes
e7e56a3a,B,No
bb66eefa,B,No
c31016fb,B,No
6515e190,B,No
968dcf61,B,No
85f13681,B,No
8ad7a655,B,No
46718dc8,B,No
d3913c44,B,No
d804e229,B,No
2e996d28,B,No
e14801c8,B,No
2b3f7390,B,No
5e1ee525,B,No
4e96d442,B,No
2b00482c,B,No
f977849b,B,No
17872275,B,Yes
7f0383c3,B,No
1be9c801,B,Yes
96ef591c,B,No
70c22006,B,No
b661491f,B,No
ac1afeb8,B,No
234c6b5b,B,No
1496d954,B,Yes
1b8c8ec9,B,Yes
b16aaf3c,B,No
0a49e252,B,Yes
81f748b4,B,No
e7698ba2,B,No
3ea2ed57,B,No
0959fb1b,B,Yes
ff925295,B,No
5a8e7db6,B,No
d5633d4e,B,No
93105ffc,B,No
35eb02a1,B,No
5831fec5,B,No
b0806fba,B,No
fca6772d,B,No
1dac0532,B,No
ca783446,B,No
1747e15b,B,Yes
06a66cb0,B,Yes
f0bb61b6,B,No
a33b815c,B,No
5f2138fa,B,No
7e933341,B,No
c1b5d6c0,B,No
896ae70b,B,No
9d12c5aa,B,No
287f400b,B,No
20a4ad51,B,No
485f8014,B,No
a7ce55ff,B,No
56e52c18,B,No
43277f8a,B,No
6223d1d0,B,No
ad34ac9f,B,No
ec9bf0e5,B,No
a0001092,B,No
76317933,B,No
f540ce68,B,No
e62bb2b5,B,No
0987fece,B,Yes
e294fc10,B,No
8f53110f,B,No
6ea173fd,B,No
c56b9ad6,B,No
637371ba,B,No
d0022bfc,B,No
101b99cf,B,Yes
25614598,B,No
628d5698,B,No
51fe1968,B,No
69ffbebe,B,No
76d579c8,B,No
8789f8d5,B,No
48ed8394,B,No
e9b44791,B,No
d4b2756b,B,No
c52eb799,B,No
5e427c43,B,No
192fec8f,B,Yes
53ef3927,B,No
0696818c,B,Yes
2cd52d4d,B,No
9e527b7f,B,No
0cdc2835,B,Yes
d7422f3f,B,No
5b41cda9,B,No
6461bcc8,B,No
7affaa63,B,No
a23989a0,B,No
3aa95bec,B,No
b73a5072,B,No
3582f62e,B,No
3a6eb3e8,B,No
d417ec6a,B,No
10082415,B,Yes
1e31cf0d,B,No
ab4c0f0a,B,No
7277ca68,B,No
51d79656,B,No
6dd5f693,B,No
835cfa6f,B,No
a3dd2e60,B,No
1b1444ae,B,Yes
1966c674,B,Yes
321f103f,B,No
f53782e3,B,No
e583e395,B,No
5b761129,B,No
74554063,B,No
612924b5,B,No
24dcb37e,B,No
7f64d88e,B,No
596bce4a,B,No
31f8a9b1,B,No
9d206a0d,B,No
2862b03a,B,No
ce6b2259,B,No
00edef17,B,Yes
2c9364a9,B,No
b25095bb,B,No
4a712ab1,B,No
9aa966bb,B,No
2b6311a7,B,No
c939b78d,B,No
1bc01830,B,Yes
ada064cd,B,No
62be564c,B,No
91649c6b,B,No
14df1926,B,Yes
5e360fa9,B,No
5ca51854,B,No
0bc2648b,B,Yes
7c68f92d,B,No
22295912,B,No
b5f27057,B,No
a2074c86,B,No
e2e36065,B,No
906127b2,B,No
80666353,B,No
6a3a1e40,B,No
4945c0be,B,No
5a85acdc,B,No
1e589ba7,B,No
da9e3869,B,No
42bd27ce,B,No
65a9aaca,B,No
7838fd99,B,No
a584d597,B,No
1f7d227c,B,No
9ae6be0d,B,No
0fb5c90d,B,Yes
92760fee,B,No
a5e07d10,B,No
62f72f08,B,No
5d7bc297,B,No
18d9b617,B,Yes
0f0f3a23,B,Yes
5c3d06bb,B,No
1e030014,B,No
dc1e1c9d,B,No
ee5b71fd,B,No
f26dcb63,B,No
d332e03d,B,No
db6e1abd,B,No
9fc9b0a3,B,No
a55cae6f,B,No
c7b40e0b,B,No
c1cfe17e,B,No
443eeaa6,B,No
8a2726a6,B,No
0a66dfd1,B,Yes
500c64b1,B,No
0fb8e5b3,B,Yes
7394c444,B,No
f1525929,B,No
60eec9c2,B,No
34901faf,B,No
2d7a533a,B,No
63cc4b97,B,No
69562896,B,No
5c58a510,B,No
97168f0b,B,No
743a5b25,B,No
a23e6d29,B,No
898d7d55,B,No
4c71d0ff,B,No
a280cbf6,B,No
012fac3d,B,Yes
32e29598,B,No
577f4223,B,No
9a9f605e,B,No
b65d0cc4,B,No
6a1a1ccb,B,No
ae0f9ee6,B,No
7a452e06,B,No
48763042,B,No
d6c09d0b,B,No
bf6ee219,B,No
3003c47a,B,No
112f108d,B,Yes
eb64956a,B,No
e2d95493,B,No
c8b48d43,B,No
baf370bd,B,No
d41dc926,B,No
e449002c,B,No
242e8dfe,B,No
8081327c,B,No
a40353be,B,No
5aa3403b,B,No
b0a4b574,B,No
1efb4f18,B,No
0f2b8c48,B,Yes
4f517cf8,B,No
8ab57ac2,B,No
968ed002,B,No
44b354b8,B,No
1fdf4379,B,No
8a9f8796,B,No
390c333b,B,No
a1e86fd5,B,No
fa3c2c6d,B,No
9e406e46,B,No
bb1248ab,B,No
f20e7c55,B,No
73ec184e,B,No
0a949142,B,Yes
ec9c4a24,B,No
d7619ac0,B,No
643c39f9,B,No
92edb7e5,B,No
989fc1e9,B,No
ff5db2cf,B,No
6fe75256,B,No
77bde2c7,B,No
bcd2d5d8,B,No
ad524e13,B,No
c496b1e8,B,No
67a7fe7e,B,No
4a200c2f,B,No
c01e96ab,B,No
8cea24c7,B,No
98715af6,B,No
64029adf,B,No
2498d071,B,No
b5b34778,B,No
35911cb8,B,No
3c1e3d1a,B,No
cc744a73,B,No
efd2f913,B,No
05b45861,B,Yes
a2db0db1,B,No
e80bedf7,B,No
324a17e0,B,No
07ca304c,B,Yes
8c3c9069,B,No
bc1fe85a,B,No
4c950338,B,No
149ba1e8,B,Yes
4c8b028c,B,No
4424e429,B,No
0df64578,B,Yes
92f0ee18,B,No
84f06651,B,No
4112d8cf,B,No
97b873ed,B,No
2d9890bc,B,No
819059d9,B,No
680a72ab,B,No
f586cec6,B,No
d159ca9b,B,No
42f544b5,B,No
39163f33,B,No
b026913c,B,No
6207a47a,B,No
8930126e,B,No
bba08430,B,No
5d75314f,B,No
37e57a72,B,No
77cbe4f3,B,No
d8383cc1,B,No
40a3c603,B,No
f34ca54f,B,No
7dc4250d,B,No
77137e1e,B,No
3fd57c2f,B,No
a91d9ffe,B,No
e0d1a693,B,No
f5fdabde,B,No
f1aefc76,B,No
8db0e98a,B,No
1a41f9b4,B,Yes
4528a8b4,B,No
bb28662a,B,No
1c6e9006,B,No
9e245364,B,No
697edb0a,B,No
aa2c1d05,B,No
aed37ab1,B,No
589c438e,B,No
814e8924,B,No
d62ea02c,B,No
44b75ede,B,No
f11cd7e0,B,No
0f301551,B,Yes
16e7c2de,B,Yes
0f01690f,B,Yes
48b1ce02,B,No
95c19255,B,No
9b740cd3,B,No
e360ec10,B,No
d2045100,B,No
bee172f2,B,No
a53056cd,B,No
9beeeb8d,B,No
aac902cc,B,No
b64eee69,B,No
eb20aca8,B,No
f22aeb4e,B,No
eddf57ef,B,No
1d511e5b,B,No
72187bf7,B,No
59498797,B,No
1d2b5ebb,B,No
ee178abf,B,No
580a07e7,B,No
023f4d21,B,Yes
3c629bae,B,No
a43cac1b,B,No
ea765d40,B,No
ddb3c556,B,No
b12aab55,B,No
b3b987a6,B,No
cf5f8936,B,No
bdddf04c,B,No
8151c3a8,B,No
730ed6f1,B,No
3b71053f,B,No
6e9f129f,B,No
17bb2899,B,Yes
ed398f40,B,No
b617d713,B,No
f8a9ade1,B,No
a2c628ab,B,No
331d7cf5,B,No
fcb4e299,B,No
681d9ffb,B,No
df428c19,B,No
4a19b9f2,B,No
355f6f96,B,No
307c4235,B,No
d0bdb714,B,No
83b9ec41,B,No
8a85ede9,B,No
834fc04e,B,No
623914ca,B,No
83f16dc7,B,No
3a21853e,B,No
4f6ff6ee,B,No
7e53c355,B,No
19585d84,B,Yes
8fc7b896,B,No
d7609f8b,B,No
4dabe64a,B,No
df337689,B,No
2ff47cc5,B,No
86206c97,B,No
dc766dab,B,No
32e09b3e,B,No
5ebefd3c,B,No
72f213a8,B,No
be7e135f,B,No
1d062379,B,No
c5c100d5,B,No
b17808b9,B,No
7fed3f98,B,No
b16ef7c2,B,No
692187ba,B,No
a1e12936,B,No
ac77f963,B,No
452a9d10,B,No
b0507045,B,No
443fba3c,B,No
4ad84949,B,No
fbfe81c5,B,No
615f2f0f,B,No
b1e68c3b,B,No
e0f40302,B,No
df8ce967,B,No
95d5e286,B,No
cc2bb506,B,No
fcc1b210,B,No
1378ec97,B,Yes
c93c39be,B,No
daaf67b4,B,No
58e7d097,B,No
cdabafe2,B,No
b22f645f,B,No
639d5ba0,B,No
e6ad89f2,B,No
45216f87,B,No
b0108e53,B,No
271e1f47,B,No
28aa0113,B,No
0de61723,B,Yes
fdf4c416,B,No
3684ad1c,B,No
3020dfe9,B,No
c83b2861,B,No
9bf0ddd4,B,No
7a1c915d,B,No
3e69dedb,B,No
ae2f9721,B,No
2adec3dd,B,No
660f52e0,B,No
a186b36e,B,No
714c528a,B,No
c0765bf0,B,No
df59c940,B,No
5b760bc0,B,No
c86fe076,B,No
4779ece8,B,No
870c0764,B,No
09a09997,B,Yes
e7263474,B,No
ce8e3e6b,B,No
0881d4ff,B,Yes
007c2cf0,B,Yes
e531bc63,B,No
8df16b00,B,No
ca064cd6,B,No
e0fb0723,B,No
8fd2b90d,B,No
27db02dc,B,No
a1701734,B,No
23283637,B,No
17efb1a8,B,Yes
b68823fe,B,No
88769891,B,No
38b40ff2,B,No
c812cee7,B,No
fa8b11e9,B,No
662cd31d,B,No
b684c184,B,No
cb32fb9b,B,No
c057571b,B,No
b8b7ef2f,B,No
27c9326e,B,No
48c88874,B,No
84d3ef91,B,No
5ff5a5cd,B,No
c805d3b3,B,No
2f376944,B,No
7af2275c,B,No
3e3275ba,B,No
468fa4e8,B,No
4b61b4b2,B,No
1da6be6d,B,No
ac512a4a,B,No
76e76c3e,B,No
a85132e3,B,No
03563184,B,Yes
4039d36e,B,No
250b7de4,B,No
8992292f,B,No
ea09ef5c,B,No
15acccc6,B,Yes
f63ae991,B,No
4b66506e,B,No
167bf581,B,Yes
42b6da72,B,No
29402037,B,No
8a696854,B,No
2cbdb7e8,B,No
7dc81b81,B,No
20df5be2,B,No
e57f5808,B,No
02e463d7,B,Yes
f32da99d,B,No
09824f2d,B,Yes
96bc9798,B,No
c324496f,B,No
ddfe0812,B,No
19e122bf,B,Yes
9cbe6dd7,B,No
f232382e,B,No
1e9acf22,B,No
89dc5d3e,B,No
7e996a94,B,No
9d1e6ebf,B,No
e6f2f232,B,No
a99bc4ff,B,No
77cf668a,B,No
6aad86c8,B,No
1628d2bd,B,Yes
5cca9c75,B,No
e9f5a884,B,No
f7f9339d,B,No
6ef7fd83,B,No
61cabf35,B,No
51ac6615,B,No
e54e597d,B,No
a99fb764,B,No
2e9d83b6,B,No
89bc6205,B,No
fe600c21,B,No
49bce9f7,B,No
b339de64,B,No
c3565f90,B,No
64191fa0,B,No
a39496b7,B,No
4c102b8e,B,No
b3d57434,B,No
0eb6dd44,B,Yes
eb3fdd43,B,No
ba4c8601,B,No
67f9bfad,B,No
de470870,B,No
742c51f0,B,No
0464b8a3,B,Yes
cea0a54c,B,No
3d759473,B,No
9dc2981e,B,No
ea28735b,B,No
e822c945,B,No
8992db22,B,No
eb11e9bc,B,No
14585214,B,Yes
e5495f92,B,No
0dc50d53,B,Yes
5a18061b,B,No
329d1426,B,No
48c1d121,B,No
0a13025d,B,Yes
07ea4779,B,Yes
66948c95,B,No
13bb0d50,B,Yes
7b555dad,B,No
6b264ed6,B,No
83786b15,B,No
ac3fe1f4,B,No
0e2efdad,B,Yes
88808462,B,No
e3709d54,B,No
a77904d4,B,No
eceae64e,B,No
f2807d85,B,No
5e917507,B,No
caa33065,B,No
917f630d,B,No
96670f9e,B,No
b80264ff,B,No
47d52a66,B,No
9c210cff,B,No
964b3e4c,B,No
69015396,B,No
f651d9e1,B,No
a1805a01,B,No
a75626ab,B,No
64c7db8e,B,No
ac7aa5e7,B,No
d92bb058,B,No
51967e1f,B,No
34c876f5,B,No
a38c4807,B,No
cb4833c4,B,No
e72b6abc,B,No
a86564c1,B,No
02a6ecea,B,Yes
a4cf714c,B,No
7cd352ef,B,No
97412a75,B,No
184b90b6,B,Yes
f8a5e0a2,B,No
2fe8d0eb,B,No
2717fb7b,B,No
236b983c,B,No
dedcec6d,B,No
b89e40ad,B,No
7ee4f786,B,No
9a81717a,B,No
448c8aaa,B,No
9b687e67,B,No
357a8611,B,No
ece3bb0f,B,No
d3cb27d5,B,No
e07aef40,B,No
402421ed,B,No
cd159efd,B,No
045fd4b1,B,Yes
faee1638,B,No
0f77fee4,B,Yes
d1bb3b9a,B,No
039528db,B,Yes
d0632503,B,No
da6f1b42,B,No
53d2397a,B,No
6210ceea,B,No
b010368e,B,No
7782ff78,B,No
ec7c6b41,B,No
56dbeed8,B,No
b925ff2c,B,No
c42287ed,B,No
ed244bbb,B,No
51c4c78a,B,No
ccbfbc14,B,No
8be665c4,B,No
1f2f2c3d,B,No
abddcb77,B,No
112076c4,B,Yes
0605d14f,B,Yes
84d7c690,B,No
dbfeac8f,B,No
76e2e2d2,B,No
e82130aa,B,No
af31b688,B,No
20b94635,B,No
412feb7d,B,No
bf6bb5c4,B,No
72daf5ff,B,No
9570fc3d,B,No
40872473,B,No
b01c3055,B,No
02e50482,B,Yes
f1a962af,B,No
98039f4a,B,No
e4958c42,B,No
9f22f7b5,B,No
4addf70b,B,No
d86833ef,B,No
a611255f,B,No
5954f198,B,No
1c6d7985,B,Yes
ff1bf4d1,B,No
f1f01376,B,No
8d636079,B,No
57dcef4a,B,No
073b3e66,B,Yes
76367a3a,B,No
66d5b4f5,B,No
21e2b2e4,B,No
037fecd2,B,Yes
a16000a5,B,No
24105b95,B,No
fc4fe568,B,No
b122c7ec,B,No
62a58b37,B,No
7ef3010d,B,No
d282099a,B,No
241fefb5,B,No
02cb4d03,B,Yes
a8c46611,B,No
e6275f20,B,No
30755447,B,No
c6621c21,B,No
9c08851b,B,No
03ca4216,B,Yes
61a194cf,B,No
147c5f58,B,Yes
003ad5b7,B,Yes
272999e7,B,No
e0305253,B,No
b5929865,B,No
5a94cede,B,No
771163b2,B,No
c1840f3f,B,No
d901891c,B,No
a52958c8,B,No
3f2ae95b,B,No
c926167e,B,No
462e8f97,B,No
aa4706b1,B,No
75fd877a,B,No
dffc7ac9,B,No
c5678b24,B,No
8b4dc202,B,No
a26d3bc2,B,No
a7fd8384,B,No
7caeb51a,B,No
76a8ff92,B,No
ee6df865,B,No
64f43168,B,No
928c4272,B,No
a9de04a2,B,No
d15aa8bc,B,No
917e5f59,B,No
c67881e1,B,No
2f0d457f,B,No
e5397832,B,No
83f3f44f,B,No
1a31278c,B,Yes
04cecb8a,B,Yes
f2a6778c,B,No
f9d3d2ca,B,No
a65746b0,B,No
12d6160a,B,Yes
9ea12a19,B,No
72b9e148,B,No
7e6711ec,B,No
21b47070,B,No
55558708,B,No
71a17998,B,No
5481c721,B,No
b3be0eb1,B,No
96fd49a0,B,No
ee766de8,B,No
21eda667,B,No
926be821,B,No
e7249165,B,No
92511df8,B,No
f3ddd2f4,B,No
256b8a15,B,No
c65d9e68,B,No
b18f57db,B,No
d3107b17,B,No
9b1cc24c,B,No
44ea346e,B,No
84804616,B,No
3cd42f02,B,No
5bc01096,B,No
41859124,B,No
4b7d3c9d,B,No
f8a52b15,B,No
37dfa526,B,No
4d40ae80,B,No
333d8bf2,B,No
28669279,B,No
8ff80d26,B,No
aafa20d6,B,No
c45c90cc,B,No
bd3e6123,B,No
a30d952b,B,No
6fa76046,B,No
252dbb41,B,No
9d877a3f,B,No
02d08a7b,B,Yes
d9523c7b,B,No
118bc9da,B,Yes
64fc660c,B,No
a6252c5c,B,No
1ad2a673,B,Yes
51089fe2,B,No
59daf657,B,No
7675c8c2,B,No
d232e08e,B,No
e9f03b0d,B,No
aab9eada,B,No
d851d038,B,No
3921faaf,B,No
ce0dd1a8,B,No
1630ea6c,B,Yes
32dfe848,B,No
ef0345d5,B,No
17c5979a,B,Yes
c93d457b,B,No
be6d3550,B,No
db320800,B,No
475e6313,B,No
6bc9882b,B,No
e7a9fbc6,B,No
4d909187,B,No
e9330859,B,No
3f2d71dd,B,No
cfdd65ba,B,No
2a655897,B,No
39f900e4,B,No
5b231b23,B,No
554a9f70,B,No
f892d3bd,B,No
762f34f5,B,No
04d88ee7,B,Yes
492d973f,B,No
8abc1b72,B,No
4062c9ed,B,No
803f2b37,B,No
93fa607a,B,No
f5c651ab,B,No
f640f70b,B,No
0f09f5eb,B,Yes
45926e04,B,No
c0c64a03,B,No
43e80a1f,B,No
4ee59fbc,B,No
bd63909a,B,No
51077957,B,No
8b8289b5,B,No
6dc4145f,B,No
af9194a8,B,No
13b2d558,B,Yes
ac0af301,B,No
3770de3a,B,No
e3ba3c57,B,No
18fd5ce1,B,Yes
9d457885,B,No
afefe355,B,No
ae7a9688,B,No
98598b05,B,No
16d13af4,B,Yes
e694e921,B,No
fddba4c9,B,No
790f1893,B,No
37f0271f,B,No
ec2521c0,B,No
70a7faa5,B,No
b04a3e97,B,No
d439b869,B,No
f2f09558,B,No
a7e7b00a,B,No
24c32e5a,B,No
fa1262cd,B,No
1b5899fc,B,Yes
249888ea,B,No
15bec600,B,Yes
82e8f565,B,No
763c7b66,B,No
cefc402a,B,No
1f0e97d9,B,No
e882d874,B,No
fa6c564d,B,No
6aea003f,B,No
c334b182,B,No
47f72f82,B,No
52f2f9f8,B,No
88c703c6,B,No
6ca91976,B,No
51152bb1,B,No
66003185,B,No
6accbf41,B,No
94668b1a,B,No
ebdf5cc5,B,No
be1f0e29,B,No
96e0aeaa,B,No
6852fcbd,B,No
271aa4ca,B,No
eed77278,B,No
5c94cb7e,B,No
f3f1564a,B,No
b26538df,B,No
c9d2a34f,B,No
2dc16f60,B,No
903ca136,B,No
32c3c5c9,B,No
2d6da95e,B,No
43e45ac3,B,No
9e876402,B,No
4a78a280,B,No
0b93a0a1,B,Yes
ff78d1e1,B,No
5f3070be,B,No
f0d65bd2,B,No
f2aa7fdd,B,No
313cab04,B,No
a9ec1f88,B,No
223bdb4c,B,No
a353cd05,B,No
d3e6de25,B,No
d482dee4,B,No
609032ed,B,No
6bdb400c,B,No
1f7d881a,B,No
b4c7fd06,B,No
b1065823,B,No
e7d2aa00,B,No
32274853,B,No
127dede7,B,Yes
a18930b5,B,No
312718ab,B,No
63199d84,B,No
333b9dd4,B,No
9eddbad7,B,No
98357493,B,No
945bbb69,B,No
b6db9180,B,No
7dff16f0,B,No
7f84905a,B,No
920b92d0,B,No
db09c0f4,B,No
e3b108e7,B,No
3110702d,B,No
c9e36e6e,B,No
a09c1581,B,No
426219a3,B,No
1935f66c,B,Yes
fb158129,B,No
26a15a5f,B,No
084549f8,B,Yes
b64a03d6,B,No
5a11819f,B,No
ec8300f0,B,No
bbc5337c,B,No
05d99d31,B,Yes
2aa26b0b,B,No
32a6386e,B,No
04ae7fad,B,Yes
9eda5442,B,No
2b506834,B,No
dc23f3ee,B,No
0f85d698,B,Yes
564ef43b,B,No
2445ebac,B,No
37edb08f,B,No
f459fcb0,B,No
dfbe0021,B,No
dabef9c0,B,No
5c92a684,B,No
6661654b,B,No
ba1f597c,B,No
670eeb1b,B,No
8907a9b8,B,No
8ed9f4ca,B,No
8e197133,B,No
541ec2e4,B,No
a00ab6a4,B,No
e461be22,B,No
fca85e52,B,No
7b679225,B,No
f8bfe3a3,B,No
07759850,B,Yes
62e9a342,B,No
bb2caa06,B,No
00355653,B,Yes
7b7848d8,B,No
13c97879,B,Yes
8ffbd617,B,No
a7d040a0,B,No
9541f982,B,No
829fe062,B,No
2f143317,B,No
a2aa37ff,B,No
1cd2c8b7,B,No
8191e25c,B,No
d6133d8c,B,No
7450f512,B,No
6a854604,B,No
1b7864d3,B,Yes
ba267711,B,No
415e3ba1,B,No
4f5a1dd3,B,No
4a4ca0af,B,No
20d0bde5,B,No
7a976cad,B,No
6b10c894,B,No
e6dcb116,B,No
71544f08,B,No
cdd82c41,B,No
cbb60d72,B,No
f7a4f463,B,No
cbe8073e,B,No
1457c1f6,B,Yes
754d88cf,B,No
f88d1bff,B,No
d918b6dc,B,No
42955cd8,B,No
c6b8c3b0,B,No
86f90fe2,B,No
1dcdd14d,B,No
486f365a,B,No
a3a13706,B,No
545d969b,B,No
5bb745aa,B,No
b1c51bfb,B,No
c059aa4f,B,No
2c8a9a45,B,No
7f23e9a4,B,No
75b58c96,B,No
f3666b7e,B,No
3443f441,B,No
0714206c,B,Yes
d0ab1a82,B,No
957950d1,B,No
a5e85074,B,No
19d57dc5,B,Yes
0bc9d539,B,Yes
6f8add7e,B,No
7da7d3b7,B,No
32b42faf,B,No
6bd93101,B,No
c32209de,B,No
bb947520,B,No
5a73c5a4,B,No
87d20af1,B,No
a661eb1d,B,No
d3d32caa,B,No
69f737c1,B,No
263d3138,B,No
a803a1bd,B,No
1b9c5e4f,B,Yes
e84d2241,B,No
89d76254,B,No
2d7f3351,B,No
0c9a93df,B,Yes
69f0112b,B,No
e2693d55,B,No
c8c607f8,B,No
1eb3be0b,B,No
409ac820,B,No
9b70de2a,B,No
36266240,B,No
c9426b00,B,No
5ef4fe2d,B,No
7e7f4395,B,No
6671d24a,B,No
9bb1ecbd,B,No
90003965,B,No
89a482a2,B,No
cde57704,B,No
ee1356c0,B,No
8fb7330b,B,No
24e0842e,B,No
f37ecb57,B,No
0f615efc,B,Yes
aa53c958,B,No
6d3aa75c,B,No
c3f71cd4,B,No
d934a562,B,No
aeba0ac9,B,No
c04b3753,B,No
5b26f6c4,B,No
2ac20618,B,No
a72bc6e2,B,No
2fbdf3c1,B,No
dc0272c5,B,No
6a5fe624,B,No
cc7c62d3,B,No
20a20cdf,B,No
55a2656a,B,No
ed53ea4e,B,No
71bbec50,B,No
caf26f53,B,No
9be051fc,B,No
01bd6be1,B,Yes
0460c53c,B,Yes
4dcd1e18,B,No
f408c3a8,B,No
65b425e1,B,No
b5debb3d,B,No
df949dbc,B,No
de97ed01,B,No
7bd24e8f,B,No
8fe6a4f2,B,No
e0cf20aa,B,No
8eb3a5dd,B,No
aceed2c9,B,No
6cbe7803,B,No
53f695e4,B,No
30bfc10a,B,No
36175627,B,No
899263fd,B,No
c0818ed5,B,No
0a7f6e10,B,Yes
5b911c3e,B,No
9b8da0ef,B,No
babc9bd9,B,No
b46a3b1c,B,No
8721ad4f,B,No
3c9dae9c,B,No
7234d61c,B,No
16aa0bb9,B,Yes
0fa55a34,B,Yes
7c03b31a,B,No
7bf6ff21,B,No
146f1cc5,B,Yes
739a0a7a,B,No
c5939c3f,B,No
06a8d270,B,Yes
42dea4d6,B,No
d106f1ef,B,No
08dafd5b,B,Yes
780be88a,B,No
c58a18c2,B,No
76e0c068,B,No
b9557504,B,No
479e96bb,B,No
7bf8aa41,B,No
1d5231c1,B,No
b05b0fbd,B,No
ade94784,B,No
75106f31,B,No
58f48bd4,B,No
f3947a6c,B,No
5926c5ca,B,No
4dfb92c6,B,No
a476ffa6,B,No
803201e2,B,No
09aca979,B,Yes
6955e8d0,B,No
9f02a501,B,No
310ee7c7,B,No
197f7589,B,Yes
af146f1b,B,No
4ed969a3,B,No
27e57f7d,B,No
a4cd70d8,B,No
47072098,B,No
b80ad5d3,B,No
945a82ef,B,No
7b75efe7,B,No
856a723b,B,No
cd368a87,B,No
d2945763,B,No
8971f3c4,B,No
3b2d0536,B,No
a855c98d,B,No
c487c517,B,No
77ab0c51,B,No
775f72a7,B,No
d146aa4e,B,No
3622b506,B,No
5447eeba,B,No
9cfde2bf,B,No
af1153d9,B,No
62fcb0e5,B,No
6275a0ab,B,No
f62f31f4,B,No
ae3382a8,B,No
a6ce1af0,B,No
33415b40,B,No
8b4063bf,B,No
ae24dc1f,B,No
64c85408,B,No
dc690a7e,B,No
aed53f00,B,No
e670c689,B,No
4df4aafa,B,No
b8596591,B,No
5404174c,B,No
55564f1d,B,No
b7e8c5a4,B,No
4e7845f4,B,No
a0d0c559,B,No
6cf069c3,B,No
78634c35,B,No
bdf1b216,B,No
2976b4d7,B,No
db88ce8f,B,No
f81e3e8e,B,No
2eebbd38,B,No
85f01ed0,B,No
dbe46b73,B,No
65e58234,B,No
81667977,B,No
6d568bd2,B,No
cf27e01b,B,No
d06b1ce1,B,No
bc9dfe7a,B,No
5e6d4bf6,B,No
a2f7fe6d,B,No
c7c4da8c,B,No
7362f973,B,No
516c6543,B,No
a5927076,B,No
936c2d22,B,No
a36405eb,B,No
31539b0a,B,No
c685d01b,B,No
e4e7265a,B,No
ca803f3b,B,No
7601b34b,B,No
17e02b72,B,Yes
99f68637,B,No
4a8c959c,B,No
d8b8741b,B,No
f5c37d9c,B,No
407a5080,B,No
536eea98,B,No
9ac49624,B,No
da4a1489,B,No
2f4a2146,B,No
17cb1ad1,B,Yes
8eece4b8,B,No
bcb39c20,B,No
4fe51f85,C,No
a71229f5,C,No
5dae97f0,C,No
71c06aee,C,No
158355c8,C,No
27f64588,C,No
d5036433,C,No
7c1f6da7,C,No
cfc3615e,C,No
696abc53,C,No
3ea3c60c,C,No
0fc2f482,C,No
e819d972,C,No
4429d74f,C,No
68642b0e,C,No
cf866054,C,No
66a0259b,C,No
3326780d,C,No
6d8b648f,C,No
cf2c01c7,C,No
6ec81d76,C,No
83aeae4d,C,No
6d9822eb,C,No
7e1c4db0,C,No
ac79fc94,C,No
f10922e9,C,No
b23b9fa9,C,No
beffe99a,C,No
dd0fb060,C,No
6d54ff04,C,No
491bf9c3,C,No
dfdff49b,C,No
eba97698,C,No
4bb5a800,C,No
9d20cf9f,C,No
1e74927e,C,No
6787f33b,C,No
461a3e4e,C,No
65b5194f,C,No
f64a2252,C,No
a3e296c4,C,No
8a2517ff,C,No
e298e838,C,No
8d5e8bfd,C,No
a992dbd3,C,No
9afe7a34,C,No
a938136b,C,No
368b8d82,C,No
0c0cff4d,C,No
bde80f9f,C,No
795b5bf5,C,No
267831db,C,No
5555f4f6,C,No
baf6b40d,C,No
072c0161,C,Yes
5cead788,C,No
b29531d2,C,No
64f49673,C,No
bdf12a9c,C,No
9050f6a6,C,No
49a433c1,C,No
ff089f62,C,No
75abe146,C,No
bcca1724,C,No
aa895582,C,No
c4269215,C,No
d35c0a37,C,No
1f3e5ea4,C,No
010f5aa1,C,Yes
e8edae40,C,No
10cb0225,C,No
ac683b7c,C,No
02e7d52b,C,Yes
0cdb8cbd,C,No
036e8e4f,C,Yes
c4b610a9,C,No
0156b788,C,Yes
86b53834,C,No
0f0b4ab8,C,No
200a573c,C,No
2ea263ef,C,No
1658b443,C,No
72cc8257,C,No
203086b9,C,No
dfd1fd05,C,No
421b06c6,C,No
954329ef,C,No
f4542804,C,No
912f5628,C,No
38b08c7c,C,No
c93dc51a,C,No
5fbb1536,C,No
826f34af,C,No
4afc71a9,C,No
50a48846,C,No
1c3823d9,C,No
120fcd57,C,No
e6875f7e,C,No
b133f14b,C,No
7482baad,C,No
ea850b16,C,No
3a58bb66,C,No
289b76b8,C,No
2f864cae,C,No
64e3a675,C,No
391b0b30,C,No
86fcc20a,C,No
010f21f0,C,Yes
752b035b,C,No
9cd6f4f7,C,No
0348e9f0,C,Yes
d2d5262b,C,No
948194c1,C,No
3ac6fa65,C,No
628f5d43,C,No
2284ecd8,C,No
81372f7b,C,No
6646aee3,C,No
eb0befa3,C,No
8909d668,C,No
e932bf12,C,No
b11cba55,C,No
dd643658,C,No
54833be4,C,No
a50b01d0,C,No
5a7d26eb,C,No
0af36cef,C,Yes
740aea77,C,No
b5167d54,C,No
b108dcc7,C,No
0556bd39,C,Yes
c3edf7c7,C,No
b1da0763,C,No
51b0ad59,C,No
f54d16a1,C,No
4b85bda0,C,No
c01cb353,C,No
8602b904,C,No
fb22f53a,C,No
9f7bb877,C,No
5574079d,C,No
8c5c2b63,C,No
ddacf7e5,C,No
68f2886e,C,No
995c1155,C,No
09a9b0c7,C,Yes
d8564c92,C,No
6184b8ef,C,No
e1df2b4c,C,No
65ae5dbd,C,No
30aa921c,C,No
7e3afa9a,C,No
ec058d86,C,No
ba7b202c,C,No
84525840,C,No
c7b6a708,C,No
51cb6e6e,C,No
b595493d,C,No
7136f32e,C,No
40150428,C,No
7aa7651a,C,No
ea67a525,C,No
e7a223fc,C,No
10028e9f,C,No
44ca0c4a,C,No
7ff9d1be,C,No
4e357095,C,No
a71eaaef,C,No
e70dcbd4,C,No
ce45eb63,C,No
bb863ff9,C,No
7bceadef,C,No
ceb8c3f3,C,No
419f92e9,C,No
30740ce2,C,No
49c9bd9f,C,No
72889ccd,C,No
77f6be84,C,No
57e50c9e,C,No
e7b6da11,C,No
c5ee49b2,C,No
1f06e6fc,C,No
0a81fe07,C,Yes
5ec43846,C,No
115112db,C,No
bbc32f5e,C,No
a588db99,C,No
c1b093c4,C,No
ee079d35,C,No
4c2b70a2,C,No
f5712b73,C,No
f6ef67f3,C,No
3c2a3009,C,No
809250ee,C,No
ea5f3cdd,C,No
6760f1f7,C,No
2612d346,C,No
ea8457df,C,No
aa090668,C,No
00c9927c,C,Yes
62be711f,C,No
33fafa89,C,No
5107f212,C,No
2bdecf6c,C,No
e889e163,C,No
82ff1fb1,C,No
40e079e6,C,No
cc55e928,C,No
51010fe2,C,No
ddeb9ba5,C,No
a519cbdc,C,No
c408064b,C,No
8d59ae36,C,No
715ccdf9,C,No
f0d73dff,C,No
1cb20462,C,No
5d4ad604,C,No
9a253529,C,No
68f941a1,C,No
a0b81554,C,No
129c25ee,C,No
9e5ec578,C,No
ca629a45,C,No
0fe806b7,C,No
6d0888cf,C,No
61621e62,C,No
d66287ad,C,No
2548c95a,C,No
bed6518d,C,No
c9615036,C,No
9179083d,C,No
1197dcbd,C,No
5adce54d,C,No
cedfdf2f,C,No
cace9210,C,No
d2de3c48,C,No
9d9c6ed6,C,No
bd503d45,C,No
a4dec28f,C,No
3154ac76,C,No
085650e5,C,Yes
970feb7e,C,No
0fde396b,C,No
41f23d2b,C,No
0fed2c48,C,No
007a6f05,C,Yes
1bae4fe4,C,No
179fec88,C,No
e929aafa,C,No
eeec4e51,C,No
36b712b2,C,No
251ad55c,C,No
39ee7724,C,No
addf1658,C,No
5f18fe16,C,No
81b84582,C,No
bcabb3f6,C,No
2d53ac51,C,No
9ebd416e,C,No
90240ab0,C,No
088ec978,C,Yes
59d6262d,C,No
3516297d,C,No
ac5a947c,C,No
1b8ea0d1,C,No
e7a5ddf9,C,No
4e67d9f0,C,No
60eb2a11,C,No
90a537ce,C,No
a717f5f8,C,No
732ca157,C,No
df597f20,C,No
c98899c4,C,No
37397f0a,C,No
aec037eb,C,No
222b9454,C,No
917d3839,C,No
92ee5ba9,C,No
a0de9764,C,No
5a44505b,C,No
46f0ad38,C,No
7aec7f94,C,No
02069230,C,Yes
4c97b817,C,No
97dc6357,C,No
ad637357,C,No
9e199cf0,C,No
a612a4d7,C,No
49615649,C,No
a85f609e,C,No
e4857bd7,C,No
eb58b757,C,No
df1fdba5,C,No
2dadc1d5,C,No
5cbc0646,C,No
920b3252,C,No
279d2cf2,C,No
ebfaa907,C,No
f8d8d1dd,C,No
15ed18a2,C,No
b7e90569,C,No
8856c16f,C,No
3486021d,C,No
0a4b4cd0,C,Yes
ef1b2318,C,No
d4c8cfc3,C,No
4172b1ec,C,No
d29de16c,C,No
6b008564,C,No
11fe376b,C,No
0479d70f,C,Yes
c5ddb96e,C,No
bdd2db4d,C,No
7ef3d47b,C,No
beeee247,C,No
71e52fb4,C,No
229a0b9c,C,No
d99c8006,C,No
d3b972a7,C,No
412f0901,C,No
8e25d3ae,C,No
63f3089d,C,No
056c4448,C,Yes
1537477e,C,No
35a394a8,C,No
62e50070,C,No
154fdbd2,C,No
23ac4be8,C,No
a984f522,C,No
85ca661a,C,No
47be4f2d,C,No
7ff3a17b,C,No
b71391e1,C,No
b3b04ffb,C,No
4b23fac6,C,No
2cc52493,C,No
0a5da353,C,Yes
9a566152,C,No
6624b86d,C,No
cfa38aaa,C,No
afd52130,C,No
684b856c,C,No
919b60b3,C,No
d02a5f6f,C,No
8bad9911,C,No
4a3ece0e,C,No
c4b33a8b,C,No
acc6f94a,C,No
48840cb9,C,No
bd2395e1,C,No
ed1124fb,C,No
27624bf0,C,No
52b7343f,C,No
8fb15f71,C,No
f16a4751,C,No
5ea85899,C,No
67d05d08,C,No
29241990,C,No
e42aa69c,C,No
c9c64b4e,C,No
4e43ca41,C,No
a88ded5e,C,No
12993ac1,C,No
03463ddd,C,Yes
3d7d4253,C,No
c082d13e,C,No
5f5c7a6d,C,No
7f16db10,C,No
c4b397a0,C,No
5e48691d,C,No
0edcfa3e,C,No
caeac5d3,C,No
34739e28,C,No
e7a06ff7,C,No
13c6753f,C,No
a88f77fb,C,No
bd490a0f,C,No
8fe7881b,C,No
e131c2cb,C,No
5f18aeff,C,No
4c782b60,C,No
62efaccc,C,No
a012b22d,C,No
3490d5d5,C,No
2f9d058e,C,No
95d9e2f9,C,No
f5fdda99,C,No
001bfb31,C,Yes
4aa9fd34,C,No
68649238,C,No
6532a48a,C,No
09062d44,C,Yes
331c4f77,C,No
a3d22add,C,No
8a6d23aa,C,No
afcfff6c,C,No
4e8dfaaa,C,No
1d2d7f26,C,No
90fbfd9d,C,No
67652ece,C,No
711b645d,C,No
dc106e0b,C,No
121af945,C,No
8ae0844c,C,No
09977940,C,Yes
1a6d72ac,C,No
34c8a8a2,C,No
892fc21d,C,No
c4e8c29f,C,No
974c8864,C,No
ab90b4f7,C,No
de4586f5,C,No
8225b9ad,C,No
e61481a2,C,No
12ffc515,C,No
eaf7e3cd,C,No
bbdc51c3,C,No
b78be025,C,No
2976c40e,C,No
55ecdb11,C,No
3cb3f80a,C,No
463858d9,C,No
ab44fba5,C,No
7c2c6cfc,C,No
ad708ff4,C,No
f9d188f9,C,No
f3453472,C,No
4a21f374,C,No
5cca7101,C,No
0d51e11f,C,No
ecd2879f,C,No
b789991c,C,No
d9e085e1,C,No
5a0b9193,C,No
dc99983e,C,No
b0881a48,C,No
60e0f7fe,C,No
7325295b,C,No
bfc86dc3,C,No
eff53ef2,C,No
41472921,C,No
21ef9145,C,No
79e13249,C,No
ff4e78fe,C,No
e8379185,C,No
11eb3eb1,C,No
aa29cdd9,C,No
0e48f3c4,C,No
7afbf42e,C,No
69d6cabf,C,No
ba748207,C,No
e42b0cfa,C,No
e609b341,C,No
b8ef48ee,C,No
1ed0f5b3,C,No
a81fe62a,C,No
c3b2eece,C,No
22d3e384,C,No
e3ac055c,C,No
15c903ce,C,No
ba2550c5,C,No
75703d3b,C,No
e15886e9,C,No
432cbeab,C,No
ab71ee1c,C,No
96870cfb,C,No
1878c488,C,No
e2ee2826,C,No
db419742,C,No
d152456f,C,No
a4d3c06a,C,No
f7d64d60,C,No
8c41de44,C,No
34e89843,C,No
9be5eab5,C,No
22c44251,C,No
50e42afb,C,No
236abab8,C,No
150534ec,C,No
017b3917,C,Yes
2b85adbd,C,No
1ed7741f,C,No
8538897c,C,No
858a8dd9,C,No
6cd3285c,C,No
5d92b739,C,No
acbb4d93,C,No
f7248384,C,No
cb2eb717,C,No
b25bf7cd,C,No
309e2505,C,No
f9c073a1,C,No
befeadfe,C,No
02acedf0,C,Yes
1eaa34bb,C,No
a7902c18,C,No
cd298b94,C,No
9c66309f,C,No
06aa0a0c,C,Yes
e85f6382,C,No
867b2499,C,No
c478aba6,C,No
2a97506a,C,No
e401478c,C,No
2e9092c3,C,No
e86dbd0a,C,No
da694128,C,No
604360cd,C,No
bb0d96ff,C,No
abd9c909,C,No
4090fc55,C,No
fdf9c038,C,No
67abbed6,C,No
e46a760c,C,No
7e5a8ec8,C,No
12b362de,C,No
8713cc77,C,No
a1c5008b,C,No
35951ae7,C,No
4b6b4578,C,No
a084a4b6,C,No
15580109,C,No
50f03b46,C,No
3dc2929c,C,No
f9168819,C,No
7339f993,C,No
358e398d,C,No
090b1f8d,C,Yes
1e99f98b,C,No
d667a01e,C,No
30b7af5b,C,No
fbd3734c,C,No
3e5212f5,C,No
906bd6ac,C,No
eae53221,C,No
f1595a09,C,No
57a640f4,C,No
708bb452,C,No
05e92558,C,Yes
8f8aaaae,C,No
bf68dad4,C,No
90b7702a,C,No
2d22b12b,C,No
7fc6bda8,C,No
e426558b,C,No
c9517924,C,No
a4e39633,C,No
7e56ca80,C,No
0aff773b,C,Yes
3da432d0,C,No
25490acb,C,No
75add21d,C,No
33185d9f,C,No
0ee68539,C,No
e2c86130,C,No
04553ae0,C,Yes
f77c9f5d,C,No
b76ebb23,C,No
0d833a52,C,No
2fc777d8,C,No
e56d8998,C,No
ee1d0f0c,C,No
2c8b07c3,C,No
c2a3dd4c,C,No
e49956d6,C,No
8a99157c,C,No
549a27c0,C,No
f517e4b4,C,No
cce5e27f,C,No
8951fe28,C,No
f3519a39,C,No
4bf467a9,C,No
69dec96b,C,No
399ec99e,C,No
ceb4fd50,C,No
2a6e99ab,C,No
bae0e590,C,No
591662e4,C,No
dc16f50c,C,No
6000814f,C,No
94e7b2a0,C,No
4f6ab0e1,C,No
59163707,C,No
861dff28,C,No
0090e388,C,Yes
8342c5cc,C,No
492cb3f9,C,No
1e818191,C,No
7cd05c02,C,No
0c05d300,C,No
2437abfa,C,No
e755ad54,C,No
4a1039c4,C,No
846307d4,C,No
5e7bd206,C,No
38302ef8,C,No
78649584,C,No
447994fa,C,No
ef218161,C,No
db3ce003,C,No
46094ec7,C,No
d9a47973,C,No
2baae2d5,C,No
5fe1329c,C,No
d010b3d9,C,No
90d0ddc5,C,No
ea96a4fd,C,No
6d830b8a,C,No
832ac26b,C,No
c760a0a1,C,No
0e408488,C,No
b8929ab5,C,No
86a80c93,C,No
46362374,C,No
ffa957d8,C,No
973d50cc,C,No
72a042cd,C,No
098abd35,C,Yes
f9cc05a0,C,No
74ee7795,C,No
56d0cf65,C,No
9dfe49f2,C,No
df7198e8,C,No
3c4786c5,C,No
5f2c8d5b,C,No
684a482a,C,No
3d6ecf20,C,No
db3b0333,C,No
cc2c4f4c,C,No
fab267cb,C,No
6d586b99,C,No
717a69ce,C,No
69188fc0,C,No
7e14b6c3,C,No
b43c4978,C,No
f1cff10c,C,No
d1dd01c0,C,No
0d479a14,C,No
3578a944,C,No
1d593805,C,No
f38b5ff7,C,No
8b151a4c,C,No
4c16fba7,C,No
601dc51f,C,No
ffe0629c,C,No
a0a119d9,C,No
f56c0ce8,C,No
7355aa4b,C,No
b5d23828,C,No
c1ec1ff1,C,No
d1f15378,C,No
1cbb75cd,C,No
fe1bab4d,C,No
fe055302,C,No
00053c9a,C,Yes
8e4e6b42,C,No
c0757d83,C,No
7bfb4c9e,C,No
e9ca4750,C,No
23256704,C,No
7cee6d60,C,No
caa07799,C,No
8042d252,C,No
d62743df,C,No
08d7250c,C,Yes
bddd8847,C,No
026dccd0,C,Yes
fd5ba01e,C,No
31ec4445,C,No
51e4424d,C,No
93a3cb76,C,No
ee3b7960,C,No
257e4d1b,C,No
9547b6e5,C,No
c9f1901d,C,No
388f7828,C,No
68c3f400,C,No
7898e11a,C,No
10585391,C,No
a103ab25,C,No
bde21a81,C,No
4e0902fb,C,No
657655f6,C,No
3697b2cc,C,No
f95e63ea,C,No
5fce0f61,C,No
82a4144d,C,No
fe48dfdd,C,No
173f5ea4,C,No
66b626f3,C,No
f4f52932,C,No
dbb00419,C,No
32e56938,C,No
d8eb4e36,C,No
e6367ba7,C,No
9a20ac49,C,No
fb2d37da,C,No
765e03f8,C,No
949c11b0,C,No
74413bbf,C,No
1f7fdf07,C,No
5fb6565f,C,No
1a049cfb,C,No
87b16000,C,No
8a9a952d,C,No
3c0ee448,C,No
199b3ddd,C,No
e0b560b5,C,No
d3aa5e6f,C,No
2ee93859,C,No
15fccfd4,C,No
5f1ac213,C,No
38f115bb,C,No
e1a2f30d,C,No
7e4456c2,C,No
f045b8f9,C,No
8c41b401,C,No
fd7d939b,C,No
9338d530,C,No
e2a4b82b,C,No
3278f421,C,No
90649683,C,No
65777057,C,No
9921971b,C,No
a6d7c293,C,No
79314338,C,No
460f8f39,C,No
12a9e8ba,C,No
0c8515bd,C,No
e598c8a3,C,No
4f41ac26,C,No
fb6990d2,C,No
d136855c,C,No
9855d514,C,No
3885d9f4,C,No
ba4124eb,C,No
6aef8d37,C,No
07c9a2bc,C,Yes
fd207845,C,No
4778d053,C,No
202cbde1,C,No
87f014a5,C,No
5f9865c3,C,No
35c3f4d6,C,No
85b92bed,C,No
0d0d66fb,C,No
83caa268,C,No
5594aa2f,C,No
4400784a,C,No
cefb4a28,C,No
da09ab58,C,No
c0f91008,C,No
627ea916,C,No
fd4eec9e,C,No
6ddabda4,C,No
975c9708,C,No
74275c9f,C,No
862cd1bd,C,No
d25b4444,C,No
12e36e56,C,No
6f2422e8,C,No
fc1e50c8,C,No
c374ac67,C,No
d50fcbe9,C,No
e1d9acc6,C,No
a3c8b063,C,No
dafd4b68,C,No
1ce60b88,C,No
a8985f8b,C,No
b73eac00,C,No
9a606159,C,No
1b7d3a0a,C,No
3696d0f7,C,No
c1ce189b,C,No
c63069f7,C,No
f9bcd69c,C,No
1e47104e,C,No
980b37fd,C,No
9529b483,C,No
51be79bc,C,No
8e1043e4,C,No
efc1b3db,C,No
a1d651fa,C,No
944a9c18,C,No
239ba38a,C,No
25675fdc,C,No
32214899,C,No
6eeb6932,C,No
a1b6b44b,C,No
36c75d2f,C,No
aaf552c5,C,No
09826521,C,Yes
8ad69d41,C,No
01464c4b,C,Yes
c47d4898,C,No
84537bd8,C,No
8acc66b5,C,No
654148eb,C,No
7ddb548f,C,No
9e5760b7,C,No
978865c9,C,No
057494a7,C,Yes
501d005c,C,No
d617ec79,C,No
4aee1eb5,C,No
10ea1a75,C,No
01c6a40a,C,Yes
50689818,C,No
6a02dc67,C,No
d4647278,C,No
a626f9bb,C,No
4002b522,C,No
fb26d6b7,C,No
f592b930,C,No
6ac01dca,C,No
885fa5da,C,No
c7292631,C,No
f8bec837,C,No
21496560,C,No
969d31d4,C,No
0a9993b5,C,Yes
5b7135e2,C,No
b5331e87,C,No
54e40f35,C,No
03bf7890,C,Yes
a9434d10,C,No
ea9daff6,C,No
362d2bb6,C,No
e1662b28,C,No
5020b48a,C,No
310b15f4,C,No
33cea630,C,No
8ccfcad2,C,No
423e83fe,C,No
b41f3855,C,No
766bc430,C,No
6645bef5,C,No
18077c28,C,No
4785ec29,C,No
15abe64d,C,No
e2ac1f18,C,No
221b6c59,C,No
594e8e2c,C,No
eb0851f2,C,No
28b573c0,C,No
f92254ee,C,No
27b303a6,C,No
4d27ec10,C,No
c00dda63,C,No
874e25ba,C,No
e5adc3c1,C,No
566d2b63,C,No
2ccb4466,C,No
c5d2adbe,C,No
9969141e,C,No
9bec8c39,C,No
fe5182c4,C,No
1ae72410,C,No
6b03589f,C,No
d1698938,C,No
18539297,C,No
b0ee6132,C,No
c97de5c0,C,No
d20a8daa,C,No
db1a03ad,C,No
8f0b6649,C,No
0ec70025,C,No
16e5a902,C,No
f8a164e9,C,No
fcf3371e,C,No
cecac236,C,No
16e626b0,C,No
8d3f0ec5,C,No
9134bea8,C,No
9538d77b,C,No
0456ea15,C,Yes
3f98ff65,C,No
3e382eee,C,No
309aea07,C,No
af25dd25,C,No
307b0418,C,No
b279b831,C,No
83d6623e,C,No
161cba32,C,No
24da118c,C,No
3e1e07ce,C,No
92d0f55b,C,No
a988bac5,C,No
606b29cc,C,No
c34cda35,C,No
c46f0967,C,No
af4f2617,C,No
e2cc57c9,C,No
8a8d3cb2,C,No
93b5a619,C,No
01835f39,C,Yes
248b7ae7,C,No
fc0d4c1f,C,No
2609b273,C,No
31f8a516,C,No
52ebcd20,C,No
398a2d93,C,No
3fc3d1b2,C,No
d864b9c1,C,No
0fbfce77,C,No
81e659ac,C,No
d38d436c,C,No
5a5664b1,C,No
af095871,C,No
397c5e85,C,No
ef5af080,C,No
3461f542,C,No
fc73f461,C,No
4d04e8a2,C,No
ca02384f,C,No
dcce7c0e,C,No
1c3cdf99,C,No
8e1ee65e,C,No
41296ddb,C,No
73ebe1f0,C,No
038fb8f9,C,Yes
b7b8a481,C,No
d9cd8d70,C,No
652ed335,C,No
c0d0f745,C,No
98aaf5f0,C,No
d5150096,C,No
2ac8b2e7,C,No
db83e6f1,C,No
47fc27c7,C,No
529df5d2,C,No
03f696c8,C,Yes
454ed4f2,C,No
13f6f39d,C,No
efba0ea9,C,No
4a57eb45,C,No
9107a9f3,C,No
8da718d1,C,No
4c751ca1,C,No
034a25bc,C,Yes
02f927de,C,Yes
234a592a,C,No
b69ee23f,C,No
53f4c801,C,No
0497b8fd,C,Yes
a4535375,C,No
9afe0fdb,C,No
22493ba6,C,No
e3cf6145,C,No
f6871770,C,No
6b2db9ae,C,No
b9d80468,C,No
d2e18b27,C,No
30cc7c3a,C,No
daac1355,C,No
69980924,C,No
321f1d46,C,No
6988b66a,C,No
a1c7267f,C,No
f2ef1792,C,No
2fe78b0f,C,No
c14b26b6,C,No
795d48c2,C,No
06288abd,C,Yes
2619c593,C,No
d28b5cfb,C,No
4fefb4db,C,No
0429838a,C,Yes
9ec54169,C,No
28c341a1,C,No
8b6e5e15,C,No
3524ef2e,C,No
ce00db2a,C,No
204bae12,C,No
0dc9079f,C,No
ab443ffe,C,No
c6adf0fc,C,No
83236557,C,No
4a640fdf,C,No
4b5db862,C,No
e06a7f27,C,No
0d76dc91,C,No
4bb1a285,C,No
510ab806,C,No
cff4bc2a,C,No
bf345fab,C,No
b503116b,C,No
384ca5f0,C,No
e45bd78a,C,No
f8b48176,C,No
712dee86,C,No
03eb52b2,C,Yes
63b1c162,C,No
d032a3ac,C,No
4fc89678,C,No
8884fe2c,C,No
25174f13,C,No
af185684,C,No
2cecc561,C,No
34385f10,C,No
94cc56df,C,No
5d09b1d7,C,No
28eb7dd7,C,No
ba16b54e,C,No
8cd1b8d8,C,No
ddd0f390,C,No
f9cc0de7,C,No
7a0d991f,C,No
9907ce95,C,No
e8a75d24,C,No
a188b367,C,No
6b4e808b,C,No
deced57a,C,No
01829d31,C,Yes
548d6282,C,No
823a7c2a,C,No
bd9e4d0e,C,No
62a306dc,C,No
dbcce5e8,C,No
4cd6e731,C,No
dce17104,C,No
724f554b,C,No
eb85a208,C,No
8a2c05c2,C,No
f85932d5,C,No
7a327ab4,C,No
5a219d7d,C,No
9b06a3cd,C,No
28fae4c0,C,No
c59ec8b0,C,No
d9aa913b,C,No
3970aa0b,C,No
873ba75a,C,No
892e12ec,C,No
b1f950f2,C,No
caceeb27,C,No
bd242688,C,No
fa7a8905,C,No
e2fab7b9,C,No
febf6f94,C,No
e1f2cb63,C,No
dfa8c58a,C,No
c7ba99ea,C,No
8bb6736b,C,No
b8a38342,C,No
6d436df5,C,No
00821403,C,Yes
2c76ebc7,C,No
6d9fdacf,C,No
9cdf218e,C,No
19a2542f,C,No
36552f0b,C,No
dd98dbcf,C,No
37b9e78c,C,No
5a466628,C,No
138eabf1,C,No
709770c8,C,No
97c8de32,C,No
e03c7a38,C,No
42cd6335,C,No
24a08b7a,C,No
dbbbf1b5,C,No
509e342a,C,No
a28d1c4a,C,No
7f1cf810,C,No
1a96ad1b,C,No
1d471298,C,No
1843aae6,C,No
f8d420a5,C,No
7f4a9ad2,C,No
1f6e67c7,C,No
0f054215,C,No
9a26b6fd,C,No
90350c4b,C,No
9ff3a10b,C,No
8d1428ba,C,No
9ef105ef,C,No
559dbf9c,C,No
7bfcc588,C,No
1eca054c,C,No
375d94f1,C,No
778123cf,C,No
38490d11,C,No
f69cd86a,C,No
6f4b9cbc,C,No
71685199,C,No
4c7766ee,C,No
ff11d729,C,No
28175f4a,C,No
3131f647,C,No
d1f0919b,C,No
95082097,C,No
84f833b7,C,No
d7c7d9a3,C,No
81294d6d,C,No
ea9a6f58,C,No
b93d7a2b,C,No
f96a2253,C,No
a6f5c103,C,No
11aa5d9b,C,No
bfa289f5,C,No
8e86240c,C,No
8546fc8d,C,No
19a07521,C,No
21550c80,C,No
f02067f2,C,No
268b287b,C,No
81712aec,C,No
7792793f,C,No
7eb83f98,C,No
edf0458e,C,No
33a36a4f,C,No
c443af61,C,No
d890f03b,C,No
263c5f74,C,No
257fe1f1,C,No
8ae25d09,C,No
0325b0d1,C,Yes
66c9910c,C,No
ee08dff6,C,No
6d3e5faf,C,No
6e62eff2,C,No
c01c6b83,C,No
e45665d1,C,No
ebf3f737,C,No
781ac294,C,No
1b449dd1,C,No
4f448e0e,C,No
58084149,C,No
d04555fe,C,No
4ba1ca6b,C,No
97fb604d,C,No
19d4a59e,C,No
607c3947,C,No
328afa96,C,No
5ded38ed,C,No
f449ad08,C,No
a60e3e6a,C,No
427dff83,C,No
27ffe50f,C,No
0b4766ca,C,Yes
0aa7367e,C,Yes
7001e587,C,No
a30b131d,C,No
ee580cd9,C,No
fd7d898f,C,No
ed91c2a5,C,No
bc6f383c,C,No
385da6ef,C,No
ac1d024e,C,No
3ce81651,C,No
ce90aa64,C,No
9390342b,C,No
4dc36a5a,C,No
d6c88af6,C,No
a09fbcc8,C,No
22008630,C,No
e9e0712e,C,No
4b4851c1,C,No
68a5e5b0,C,No
d8b2f972,C,No
d3800eb1,C,No
3b53cd7a,C,No
3dd6c9c7,C,No
3db9531b,C,No
a226ef6e,C,No
f6fd2b2d,C,No
b4b4aad6,C,No
4cb290b6,C,No
86a04a94,C,No
46d1ab0c,C,No
aa22d8c5,C,No
49099cc0,C,No
898f0aa0,C,No
0cdd04a4,C,No
90560fb3,C,No
af3aae02,C,No
220cde2f,C,No
21765214,C,No
c64bde76,C,No
30386921,C,No
896fdb5e,C,No
837169c7,C,No
343f5d65,C,No
87805a55,C,No
b2ff9190,C,No
ea81d04c,C,No
aa9d629a,C,No
b39427b9,C,No
855be995,C,No
f8fe822b,C,No
9673db97,C,No
0eab000b,C,No
c3102195,C,No
da0bf106,C,No
678bc8fa,C,No
e171f51c,C,No
fe782612,C,No
ddbed28f,C,No
da7c44d4,C,No
6c4cec5e,C,No
3d0c02e7,C,No
06ea1a66,C,Yes
d280e1e9,C,No
9fa64ba8,C,No
346b39ce,C,No
44ffb067,C,No
4477b4e5,C,No
8fc9d883,C,No
58413ae6,C,No
91e90504,C,No
217e0b89,C,No
c0c03ef9,C,No
5a6dc59e,C,No
f1283b5e,C,No
d4a8717c,C,No
57f77994,C,No
f9af8b99,C,No
314ef36b,C,No
ca499582,C,No
3fada40e,C,No
f686cf1f,C,No
2f6253dd,C,No
52946970,C,No
aab14928,C,No
4b92c6eb,C,No
517448ac,C,No
614d46f5,C,No
a1195245,C,No
9824787a,C,No
26559657,C,No
ec1e2c3f,C,No
4cef619e,C,No
92ac2887,C,No
2f8d7b2a,C,No
f09503c5,C,No
410437e5,C,No
cedf2654,C,No
f925e9f8,C,No
76b4dba3,C,No
7b9a865d,C,No
2d10702e,C,No
8d1d15b8,C,No
3ae1a2d8,C,No
ec1037d7,C,No
75d6d611,C,No
68106f46,C,No
17022721,C,No
9062e4e4,C,No
f3d024fb,C,No
6fbc672b,C,No
635069a3,C,No
c6371061,C,No
caa039f6,C,No
56e84176,C,No
a2a52623,C,No
22a21da0,C,No
cbe379e1,C,No
a350857f,C,No
0aff4ea1,C,Yes
f2b659ca,C,No
5f902ce4,C,No
40a0cd07,C,No
907bf70f,C,No
29b42b3d,C,No
697097ff,C,No
563e8c80,C,No
ec3b173c,C,No
20635a64,C,No
3d997ce2,C,No
fd0a94c8,C,No
4d5281dc,C,No
b0baa21e,C,No
2beba572,C,No
387c179e,C,No
7e80fad1,C,No
6e8d7691,C,No
abbb8470,C,No
b6788d9d,C,No
ce432228,C,No
9ab7abe9,C,No
f5156517,C,No
0a75589d,C,Yes
8bfe2557,C,No
56358330,C,No
27d267db,C,No
e1f7ce3d,C,No
c61b1388,C,No
daf93362,C,No
87eae204,C,No
a3806f1e,C,No
cd06b57a,C,No
d059af41,C,No
f21eb7a3,C,No
46d4c84d,C,No
4efe97aa,C,No
5a1c2e58,C,No
7fcf56eb,C,No
ba9ee0ea,C,No
d5848491,C,No
9c83f64f,C,No
d7ebbb1b,C,No
b2e2551d,C,No
eb1f47a5,C,No
f98f9878,C,No
fe5474d5,C,No
6dfd7c0a,C,No
fc2b496d,C,No
897da401,C,No
d0fe3c7d,C,No
be057fc9,C,No
b80f2639,C,No
45085782,C,No
21e2b879,C,No
42e5f0b1,C,No
ce9560d9,C,No
a28970e3,C,No
05cf4a4c,C,Yes
d774df32,C,No
ac442917,C,No
6699f03b,C,No
ff82d46d,C,No
03e16a2c,C,Yes
101b96a8,C,No
22d0f93e,C,No
7ef7b5c0,C,No
5221e7ce,C,No
4fe4e101,C,No
9a5ea017,C,No
53a9b2b5,C,No
8fdb0d7a,C,No
5325e898,C,No
01886118,C,Yes
af7d1ae0,C,No
96ff9c2d,C,No
df82fac5,C,No
7a4d0e09,C,No
8a1a5cfc,C,No
74d788ff,C,No
549c1be5,C,No
561ba94b,C,No
17c3522e,C,No
8aabbd30,C,No
9e6ada50,C,No
2d2549b5,C,No
29b0c2b4,C,No
fa9a78b2,C,No
70feac55,C,No
5b74aaa3,C,No
779c6320,C,No
20ab0ec2,C,No
7e97ed99,C,No
51e3cfa0,C,No
bad478e0,C,No
38d6465c,C,No
5a52f8fe,C,No
f333b0e2,C,No
0218fba1,C,Yes
bc9fc15c,C,No
2fdf4590,C,No
b07c8fed,C,No
a838003c,C,No
fddcf0e8,C,No
d8a354b8,C,No
5f8461b3,C,No
db90d1d1,C,No
b1d0286e,C,No
47f06b7e,C,No
28d2d907,C,No
c310af5a,C,No
524c8ca9,C,No
d938236f,C,No
8ea573ff,C,No
13bba846,C,No
6dcdf95f,C,No
4f6367e7,C,No
2f90d959,C,No
55c30f5f,C,No
01f8b337,C,Yes
c1db97f5,C,No
01fdbe76,C,Yes
29c0eed7,C,No
c8d3cc01,C,No
bd466ed4,C,No
1c4c7361,C,No
d81e8990,C,No
8a8bde72,C,No
09ad7239,C,Yes
7d32aa75,C,No
82745ce7,C,No
47629651,C,No
16795d67,C,No
5055ac20,C,No
0b688efa,C,Yes
1fdd4ffa,C,No
3b83542e,C,No
3e201c94,C,No
b5777943,C,No
94034591,C,No
d742e18c,C,No
87614469,C,No
a17f6baf,C,No
c25f7027,C,No
4083760c,C,No
754260ea,C,No
3505fb70,C,No
f7447ed4,C,No
873d3376,C,No
7856e89b,C,No
23788e85,C,No
170460c4,C,No
10896df8,C,No
354b7e81,C,No
2f165d5d,C,No
06fd6b01,C,Yes
817e0d38,C,No
27ceed04,C,No
d06dcbac,C,No
e17cb663,C,No
4e787a96,C,No
cfcaa645,C,No
a10b79a1,C,No
2c14bad7,C,No
078401fe,C,Yes
0c4e6f7d,C,No
2db36607,C,No
22a33081,C,No
e0d20c52,C,No
5c803c0c,C,No
f4404179,C,No
4a102a32,C,No
894554f7,C,No
ca2a9115,C,No
7078992f,C,No
7865cb09,C,No
1a07a1c5,C,No
973e6506,C,No
3b308d0c,C,No
ac94c69e,C,No
b5b0ad64,C,No
566d7efb,C,No
85477d4b,C,No
c1a2887b,C,No
ae520f45,C,No
2acc03f8,C,No
98b5e4b2,C,No
fdcdd797,C,No
089c3fe1,C,Yes
eb7a8873,C,No
08efa8d5,C,Yes
6f6630f9,C,No
6058f814,C,No
f0d46890,C,No
826e6201,C,No
30e47a77,C,No
2ab95528,C,No
3d6fae46,C,No
72c0f4ff,C,No
a5cfc869,C,No
7d34d747,C,No
820c8746,C,No
658ca8ad,C,No
0eca7299,C,No
124a8d9d,C,No
73320d1c,C,No
83093710,C,No
eac1d509,C,No
620e41e5,C,No
2881d913,C,No
e3e03c5d,C,No
672a0a27,C,No
706b19e2,C,No
3709480f,C,No
c44368ba,C,No
d55ff3fa,C,No
7798d99e,C,No
25012dad,C,No
5b5960c3,C,No
0a0109bf,C,Yes
5237dc15,C,No
ea15902e,C,No
e6480fee,C,No
8200b01a,C,No
7a2de5c7,C,No
ae44bd6c,C,No
fbd2dda6,C,No
6fafdccc,C,No
1b3a9cd2,C,No
dc50b7c2,C,No
63670e87,C,No
69d8edbe,C,No
6bf4a9b6,C,No
793711e8,C,No
8e7835f8,C,No
c738d322,C,No
0a35cbb1,C,Yes
48483bc1,C,No
8002aa16,C,No
3bae3245,C,No
46dac4fa,C,No
72fefa37,C,No
311f478e,C,No
f6bf9746,C,No
e25a228f,C,No
8d17df46,C,No
276f8378,C,No
228e9183,C,No
0a737724,C,Yes
9fad8f41,C,No
8192c77c,C,No
c50c6478,C,No
fdacf9de,C,No
10064b89,C,No
69c6229e,C,No
b7f082ed,C,No
0e267d8d,C,No
1c51ab97,C,No
b8effbf6,C,No
0b916e80,C,No
3ab52b6a,C,No
322a76d6,C,No
8c212b73,C,No
ca33b400,C,No
fb22b746,C,No
ead0b2ab,C,No
17ca125b,C,No
146263d7,C,No
d912f158,C,No
d546f8ca,C,No
d89672dd,C,No
4f96be36,C,No
d8220197,C,No
47d9b73b,C,No
aea011ef,C,No
6f343e2b,C,No
10ec0fa6,C,No
805221d4,C,No
feaccff1,C,No
37c2a3f0,C,No
7e759f87,C,No
fcf70197,C,No
1ca6a768,C,No
ddc6aa9c,C,No
de3410a7,C,No
44f026d3,C,No
0f0f4a98,C,No
2acae6e7,C,No
4c138986,C,No
4cd83c5a,C,No
a08daab0,C,No
f19e567d,C,No
6b604be4,C,No
14decbc4,C,No
4b51ca87,C,No
d70693dc,C,No
f69724d9,C,No
7db361a9,C,No
a2cc9604,C,No
415b0820,C,No
5b853a3d,C,No
add20cfa,C,No
11a8564b,C,No
71425aa9,C,No
accd6194,C,No
3820c137,C,No
9dbd73b2,C,No
429872a5,C,No
012e323c,C,Yes
94c57a11,C,No
d8e05af6,C,No
1913cbde,C,No
73473fdf,C,No
74f3f7b6,C,No
00cecf34,C,Yes
5e2355ba,C,No
478278ce,C,No
22e2b68c,C,No
19054356,C,No
cf1bf083,C,No
56d28ddb,C,No
249a8258,C,No
0e63440f,C,No
c45469a4,C,No
ee0d0b1a,C,No
7afcbb47,C,No
b48550dd,C,No
4139dec1,C,No
d6e4ccad,C,No
51c72174,C,No
bcea7dc9,C,No
60f4d909,C,No
79742fa0,C,No
a442b1dc,C,No
cafc291a,C,No
be899dc6,C,No
f4e12022,C,No
10e002cc,C,No
096f002c,C,Yes
79d139e0,C,No
ab93d066,C,No
913bb825,C,No
cf115436,C,No
9bf3aa55,C,No
a088275a,C,No
80c73199,C,No
77a7e006,C,No
972767d2,C,No
ff0233ec,C,No
613a1f74,C,No
9aa5052e,C,No
d1241876,C,No
cab90dc7,C,No
a36b29df,C,No
03e256c3,C,Yes
44ff862f,C,No
b5a1456f,C,No
dcdf29b7,C,No
29e24692,C,No
9be00a29,C,No
8839b653,C,No
3ca31b9a,C,No
1282615d,C,No
d88047ed,C,No
48cb9301,C,No
b85b567a,C,No
dc8ea9a1,C,No
21305ee9,C,No
de7d440d,C,No
d48d57b4,C,No
08371db6,C,Yes
069716f5,C,Yes
13eb9c88,C,No
b195e5cd,C,No
2d15ef17,C,No
8685c151,C,No
38006521,C,No
563462e3,C,No
25d3b1df,C,No
ebd8e192,C,No
945d3c4a,C,No
a5073a0b,C,No
2c786780,C,No
cf624881,C,No
9a16d458,C,No
b9b920ac,C,No
b2eaae1d,C,No
71b32b6b,C,No
bce930f6,C,No
3df3ebd6,C,No
1d673f80,C,No
7da81a79,C,No
bd00f045,C,No
4970134b,C,No
f1cf55e6,C,No
b8c43823,C,No
8ef57a7e,C,No
ff2fb6ed,C,No
0277cd1b,C,Yes
be6899b2,C,No
67e5ac93,C,No
68335145,C,No
1f6fd5aa,C,No
ad76e16a,C,No
c9254ed4,C,No
e734362b,C,No
36b4f7d6,C,No
